0,B004QNL2CC,Our Generation,22.6,19.4,5.9,270331.0,Lite Hawk,180.0,36.0,Toy
1,B0073FV4CS,Beyblade,7.5,6.1,1.8,940483.0,Hasbro,1176.0,96.0,Toy
2,B00AHVJ9V8,Fur Real Friends,7.95,7.5,4.5,497774.0,Hasbro,1000.0,48.0,Toy
3,B006O3F3KO,Our Generation,18.0,9.0,8.4,736830.0,Our Generation,0.0,36.0,Toy
4,B00AOKCYZU,Spider-Man,11.5,7.5,3.0,331858.0,Hasbro,1188.0,60.0,Toy
5,B00DI5KT00,,7.32,7.32,1.97,186783.0,BabyCenter,0.0,3.0,Baby Product
6,B000EX0DRS,Kiddieland,22.8,14.6,11.2,360921.0,Kiddieland,0.0,12.0,Toy
7,B000LT1CJS,Fisher-Price,9.2,9.1,3.1,545028.0,Fisher-Price,108.0,36.0,Toy
8,B007BFTUNA,DC Comics,12.13,7.09,4.65,503806.0,Diamond Comic Distributors,180.0,168.0,Toy
9,B001M5MQ7C,Fisher-Price,9.2,9.0,2.8,397881.0,Fisher-Price,96.0,36.0,Toy
10,B00I7HXCQW,,4.4,3.2,2.0,315213.0,Fisher Price,0.0,0.0,Toy
11,B00647KIGE,Bright Starts,4.41,3.94,3.94,274639.0,KIDS II,36.0,6.0,Baby Product
12,B00DXH446S,Fisher-Price,7.0,5.9,1.5,1031358.0,Fisher Price,0.0,0.0,Toy
13,B00ECV58H8,Marvel,10.51,5.98,2.4,181368.0,Hasbro,1188.0,48.0,Toy
14,B000068PAE,Marvin's Magic,15.91,10.71,2.2,327907.0,Reeves (Breyer) Int'l,1260.0,60.0,Toy
15,B00ECV5TVI,Spider-Man,12.01,5.51,2.0,305183.0,Hasbro,1188.0,48.0,Toy
16,B00DOFL1JM,Care Bears,3.0,2.0,1.0,413000.0,Hasbro,0.0,36.0,Toy
17,B00ECV5W9C,Spider-Man,10.4,5.9,2.5,28423.0,Hasbro,1188.0,48.0,Toy
18,B009ZR11GQ,Barbie,13.1,5.6,2.5,526744.0,Mattel,120.0,36.0,Toy
19,B00812TIFM,Nickelodeon,13.3,7.7,3.8,374855.0,Playmates - Toys,180.0,48.0,Toy
20,B00GKO5L3Q,Razor,23.7,7.6,4.3,497535.0,Razor,0.0,0.0,Sports
21,B00FBW50RK,Barbie,13.07,10.0,2.99,535672.0,Mattel,120.0,60.0,Toy
22,B00EY26XYM,Mattel,12.91,8.58,2.4,97804.0,Disney,120.0,36.0,Toy
23,B00859UVQG,Spider-Man 4,18.0,13.7,3.7,921791.0,Moose Mountain - Domestic,180.0,24.0,Toy
24,B00138UY6I,LeapFrog,10.63,9.84,3.35,240894.0,LeapFrog,120.0,120.0,Toy
25,B005UZR4CC,Fisher-Price,23.82,18.7,8.4,2663.0,Fisher Price,72.0,24.0,Toy
26,B004A66JHS,Tonka,15.98,9.49,6.5,43038.0,Tonka,180.0,36.0,Toy
27,B004QNL0Y2,Our Generation,15.6,13.6,6.3,778424.0,Toysmith,180.0,36.0,Toy
28,B007Q0OYHC,LEGO,9.0,7.0,1.2,259011.0,LEGO,600.0,36.0,Toy
29,B00E8O5IF6,Li'l Woodzeez,7.5,6.6,3.1,221176.0,Lite Hawk,120.0,36.0,Toy
30,B00BH0N3WO,Fisher-Price,10.5,3.7,3.1,,Fisher Price,96.0,36.0,Toy
31,B007A3NEKI,Hasbro,7.7,7.5,3.6,517987.0,Hasbro,0.0,36.0,Toy
32,B006TF54LU,LEGO,5.6,4.8,1.9,577183.0,LEGO,144.0,60.0,Toy
33,B00BP6HO52,Fisher-Price,15.5,13.0,6.5,120270.0,Fisher Price,72.0,24.0,Toy
34,B006MWIJPI,Hasbro,6.6,6.1,2.0,633745.0,Hasbro,60.0,36.0,Toy
35,B002ARM4I2,Diamond Select,18.5,14.0,6.1,89251.0,Diamond Comic Distributors,216.0,168.0,Toy
36,B009EUUYYY,Beyblade,11.1,7.6,1.8,82982.0,Hasbro,1188.0,96.0,Toy
37,B00GLLISQA,,20.0,10.0,3.0,1283177.0,Hot Wheels,0.0,60.0,Toy
38,B0060GDW2Q,LEGO,7.6,5.6,3.3,179532.0,LEGO,144.0,72.0,Toy
39,B004QNMBIG,Our Generation,24.2,20.1,6.3,96447.0,Toysmith,180.0,36.0,Toy
40,B002KKBV92,Geomag,12.6,8.27,1.73,1100866.0,Reeves (Breyer) Int'l,180.0,36.0,Toy
41,B004QNOI4G,Our Generation,17.8,8.9,5.8,947291.0,Toysmith,180.0,36.0,Toy
42,B00GGLIIM4,Jakks Pacific,11.3,9.9,7.3,892615.0,Jakks,0.0,24.0,Toy
43,B00AFP86KG,DC Collectibles,12.05,6.77,2.76,379823.0,Rejects from Studios,180.0,168.0,Toy
44,B00DELMFRS,Disney Princess,10.8,10.8,1.7,1051622.0,Disney Princess,72.0,36.0,Toy
45,B00AH222XY,Our Generation,10.8,8.8,1.8,350149.0,Our Generation,0.0,36.0,Toy
46,B00A1ATPPA,Barbie,12.99,5.59,2.44,401627.0,Mattel,120.0,36.0,Toy
47,B000PN9U8A,Ratpaneete,12.75,12.5,2.5,965920.0,USA,0.0,36.0,Toy
48,B00ESPRM3G,Hello Kitty,23.5,7.0,3.8,817668.0,Dynacraft BSC Inc. (Dropship),0.0,60.0,Sports
49,B000NO9GT4,LEGO,14.9,8.6,7.6,100030.0,LEGO,144.0,48.0,Toy
50,B000UZI26E,TOMY,22.0,13.25,11.5,16578.0,Learning Curve,60.0,36.0,Toy
51,B0038OMF30,Spin Master,11.6,9.8,6.8,323468.0,Spin Master,0.0,72.0,Toy
52,B00AOCVF4E,Nickelodeon,9.7,7.7,2.6,291820.0,Playmates - Toys,180.0,48.0,Toy
53,B006LEZPCC,Mega Bloks,11.5,4.2,2.6,462198.0,Mega Brands America Inc. - Megabloks - Fife,180.0,96.0,Toy
54,B00HXLRV7O,Our Generation,10.8,8.9,2.3,51714.0,Our Generation,600.0,36.0,Toy
55,B008H54GVE,Disney,9.8,7.3,7.1,402267.0,Just Play,72.0,36.0,Toy
56,B0040MERO4,KidKraft,18.82,17.32,6.06,451347.0,KidKraft,66.0,18.0,Toy
57,B007G5PAA2,Hot Wheels,18.0,9.5,7.2,513876.0,Mattel,144.0,60.0,Toy
58,B006ILWBAC,Lalaloopsy,16.0,12.1,6.0,313113.0,MGA Entertainment,180.0,48.0,Toy
59,B00G69PU2W,Marvel,9.0,6.0,2.3,183005.0,Hasbro,1188.0,48.0,Toy
60,B00GKNZEH0,Razor,23.8,7.7,4.3,486833.0,Razor,0.0,12.0,Sports
61,B00FQWU2M8,Jakks Pacific,11.0,9.8,7.4,1052395.0,Jakks,0.0,24.0,Toy
62,B00FZ0UH4E,Our Generation,12.8,8.9,1.9,247711.0,"Maison Joseph Battat, Ltd.",600.0,36.0,Toy
63,B006MWF5D2,Hasbro,6.7,6.1,2.0,703632.0,Hasbro,60.0,36.0,Toy
64,B00CQHZ32U,Mattel,7.17,6.3,1.77,42134.0,Disney,96.0,36.0,Toy
65,B00DOOAICO,Hearts for Hearts Girls,15.1,8.0,4.1,474630.0,Playmates - Toys,120.0,72.0,Toy
66,B00859UXCI,Mickey Mouse,17.99,14.02,3.5,98954.0,Walt Disney,180.0,24.0,Toy
67,B002KKBVAG,Geomag,12.68,8.27,1.65,936446.0,Reeves (Breyer) Int'l,180.0,36.0,Toy
68,B004U5FW3Q,Hot Wheels,19.8,12.0,3.2,279728.0,Mattel,96.0,48.0,Toy
69,B0088PO3MK,Hearts for Hearts Girls,15.0,8.2,4.1,483228.0,Playmates - Toys,120.0,72.0,Toy
70,B004P971L8,My Little Pony,11.8,9.2,3.2,470089.0,My Little Pony,1176.0,36.0,Toy
71,B00487YIY0,Hearts for Hearts Girls,15.1,8.2,4.1,517804.0,Playmates - Toys,120.0,72.0,Toy
72,B00FZ3MBGS,Nickelodeon,12.3,10.0,5.0,489027.0,Playmates - Toys,180.0,48.0,Toy
73,B004P98QCQ,Play-Doh,12.3,9.3,3.3,432827.0,Play-Doh,84.0,36.0,Toy
74,B00BDCXX3K,Li'l Woodzeez,7.5,6.0,3.4,190073.0,Lite Hawk,120.0,36.0,Toy
75,B0086YR7S0,ULTIMATE FX,36.0,3.2,2.9,543994.0,Hasbro,1188.0,72.0,Toy
76,B00EQ7XDHK,Our Generation,10.7,8.6,1.9,1346284.0,Battat,0.0,48.0,Toy
77,B00ILXPINC,Disney Frozen,15.3,6.4,5.7,179811.0,Mattel,0.0,36.0,Toy
78,B00FUCRK6A,Disney,19.8,15.2,4.6,434931.0,Jakks,0.0,36.0,Toy
79,B0060RZ5M0,Mattel,14.02,9.61,2.13,300244.0,Mattel,168.0,96.0,Toy
80,B0094K9IJQ,Our Generation,12.7,9.6,2.0,176082.0,"Maison Joseph Battat, Ltd.",0.0,36.0,Toy
81,B006MWJSNU,Hasbro,6.8,6.1,2.0,581254.0,Hasbro,60.0,36.0,Toy
82,B003ZJQMDM,My First Disney Princess,10.5,7.4,5.1,289478.0,Tolly Tots,168.0,24.0,Toy
83,B002OEBGXA,Geomag,11.0,8.3,3.2,706037.0,Reeves (Breyer) Int'l,36.0,10.0,Toy
84,B003KZ0Q6K,Thames & Kosmos,15.75,14.65,3.54,554796.0,Thames & Kosmos,0.0,96.0,Toy
85,B00GKCT1ZC,Dreamworks Dragons,11.6,8.5,4.0,289443.0,Spin Master,108.0,48.0,Toy
86,B009M2SGU8,Mattel,12.0,8.0,2.75,707604.0,Mattel,120.0,36.0,Toy
87,B00FHB2XB6,Mattel,17.72,10.63,0.04,73564.0,Mattel,120.0,36.0,Toy
88,B00FGPU8NI,Fisher-Price,9.1,9.1,4.5,262949.0,Fisher Price,72.0,36.0,Toy
89,B00GMY3YAG,It's So Me!,10.5,7.1,3.1,655767.0,It's So Me!,0.0,0.0,Kitchen
90,B00C6Q8EA4,Mattel,12.8,9.0,2.4,198974.0,Mattel,96.0,36.0,Toy
91,B00943RNQ8,Caterpillar,11.1,7.56,4.57,408468.0,Peterkin UK Ltd,600.0,36.0,Toy
92,B004T32W2S,Toystate,16.1,9.3,6.4,277573.0,MPA,180.0,36.0,Toy
93,B00BWXPUAY,DC Collectibles,8.7,6.1,3.5,331326.0,Diamond Comic Distributors,180.0,168.0,Toy
94,B004880DD4,Hearts for Hearts Girls,15.1,8.2,4.2,423280.0,Playmates - Toys,120.0,72.0,Toy
95,B004880BKO,Hearts for Hearts Girls,15.1,8.2,4.1,430380.0,Playmates - Toys,120.0,72.0,Toy
96,B00487UTVG,Hearts for Hearts Girls,15.0,8.0,4.0,398651.0,Playmates - Toys,120.0,72.0,Toy
97,B004NIF65E,Fisher-Price,10.3,3.6,2.2,445169.0,Fisher-Price,84.0,36.0,Toy
98,B006UBLZNY,Crayola,9.84,8.35,0.16,10675.0,Binney & Smith,180.0,36.0,Toy
99,B003K34OTC,Underground Toys,9.45,6.14,5.59,15126.0,Underground Toys,1188.0,3.0,Toy
100,B00DGAG7JO,,14.72,10.0,2.2,960340.0,Creative Designs,0.0,36.0,Toy
101,B006U7JNLO,Hasbro,9.1,6.8,3.1,1028103.0,Unknown,0.0,0.0,Toy
102,B00CP0TMO8,Transformers,9.0,8.0,3.7,243621.0,Hasbro,1188.0,60.0,Toy
103,B0043JAZGS,Fisher-Price,10.4,3.2,2.2,563465.0,Fisher-Price Thomas,60.0,36.0,Toy
104,B00BX1TK9M,Fur Real Friends,5.7,5.5,4.3,669360.0,Furreal Friends,600.0,48.0,Toy
105,B009SJ6H2E,Fisher-Price,10.4,5.3,2.3,666002.0,Fisher Price,180.0,36.0,Toy
106,B005UZMB16,Mattel,13.39,5.2,2.6,645114.0,Mattel,144.0,36.0,Toy
107,B00DZKEBW0,Thames & Kosmos,14.6,11.5,3.3,441656.0,Thames & Kosmos,180.0,96.0,Toy
108,B006VDZPM8,Barbie,7.0,3.2,1.6,983008.0,MATTEL,0.0,36.0,Toy
109,B00636H2BU,Hasbro,8.6,8.0,3.1,622284.0,Hasbro Toys,60.0,36.0,Toy
110,B005TMMJT4,Hasbro,8.43,8.03,2.99,835051.0,Hasbro Toys,60.0,36.0,Toy
111,B005ER4UTQ,Playskool,6.4,3.5,2.2,489788.0,playskool,0.0,36.0,Toy
112,B006U7GZFQ,Hasbro,8.1,6.0,2.9,1173540.0,Playskool,0.0,0.0,Toy
113,B0068E7HXA,Hasbro,7.5,4.0,2.3,486261.0,Hasbro,0.0,36.0,Toy
114,B00CG5WO8S,Transformers,8.66,7.72,1.65,476543.0,Hasbro,1188.0,72.0,Toy
115,B005ER4URI,Hasbro,8.2,6.0,2.2,496672.0,Hasbro,0.0,36.0,Toy
116,B00BOAE128,,5.6,5.1,4.3,770679.0,HASBRO,0.0,48.0,Toy
117,B00CG5WOBK,Transformers,8.4,7.5,1.6,320704.0,Hasbro,1188.0,72.0,Toy
118,B0042FUB7Q,Fisher-Price,10.4,5.3,2.3,478092.0,Fisher-Price Thomas,96.0,36.0,Toy
119,B005KBS5EM,Hasbro,6.1,4.3,2.0,519819.0,Hasbro,0.0,3.0,Toy
120,B009SJ6H06,Fisher-Price,10.7,5.3,2.3,774195.0,Fisher Price,180.0,36.0,Toy
121,B006RPXONC,MGA,15.51,13.54,5.75,518180.0,Lalaloopsy,180.0,48.0,Toy
122,B006TF8N8Q,LEGO,5.6,4.8,1.9,618285.0,LEGO,144.0,60.0,Toy
123,B004FLK5PA,Mattel,12.91,5.2,2.68,708780.0,Mattel,84.0,36.0,Toy
124,B006RPXOMS,MGA,15.43,13.78,5.43,602085.0,MGA Entertainment,180.0,48.0,Toy
125,B00IZ01P7O,Barbie,23.9,7.2,4.2,453684.0,Dynacraft BSC Inc. (Dropship),0.0,0.0,Sports
126,B00ATWNYZC,Kidztoyz,22.4,15.9,3.0,460468.0,MPA,180.0,60.0,Toy
127,B00522XNNW,Hasbro,8.6,6.2,1.9,317149.0,Hasbro,0.0,36.0,Toy
128,B005EGLLXA,Beyblade,7.6,6.4,1.9,755578.0,Hasbro,1176.0,96.0,Toy
129,B0018L7BKW,Swing-N-Slide,95.63,37.5,23.0,499056.0,Swing-N-Slide,120.0,36.0,Toy
130,B00CEMC35W,Magformers,29.69,21.02,6.22,400994.0,Magformers,840.0,36.0,Toy
131,B0045OV98E,Spin Master,14.0,5.7,5.4,886925.0,Air Hogs,144.0,96.0,Toy
132,B00FIG2QO4,Mattel Toys,15.2,5.1,5.0,676028.0,Mattel,0.0,48.0,Toy
133,B00C6PUZ66,Mattel,12.2,7.7,5.2,530824.0,Mattel,120.0,36.0,Toy
134,B0026T47CU,Swing-N-Slide,108.0,51.0,40.0,771113.0,Swing-N-Slide,120.0,36.0,Toy
135,B009NUIUHI,Pucci,8.6,7.8,6.9,877621.0,pucci,0.0,12.0,Toy
136,B00522XNF0,Hasbro,8.0,6.0,1.7,491030.0,Hasbro,0.0,36.0,Toy
137,B007RNDIW0,Star Wars,8.5,6.0,2.0,550105.0,Hasbro,0.0,144.0,Toy
138,B0075H1HHG,MGA,10.0,9.6,1.2,560612.0,MGA Entertainment,180.0,48.0,Toy
139,B00AWL8II8,Crayola,7.9,6.1,4.3,684525.0,Crayola,0.0,0.0,Art and Craft Supply
140,B008EGCRFI,Magformers,31.7,23.3,6.6,411688.0,Magformers,840.0,72.0,Toy
141,B00EEEPRII,,8.0,7.2,3.0,377734.0,Hasbro,0.0,60.0,Toy
142,B00HKKBL0Q,PlayStation 4,18.8,13.0,4.1,24408.0,Sony Computer Entertainment,0.0,0.0,Video Games
143,B00JRCHT8I,LEGO,6.0,5.63,4.8,33093.0,Leba House Pub,1188.0,120.0,Toy
144,B004Z6HDNM,MGA,15.4,13.4,5.6,,MGA Entertainment,96.0,48.0,Toy
145,B00K279Z8E,Frozen Elsa,13.2,11.3,5.1,,Jakks,0.0,0.0,Toy
146,B005GGA2B0,Toystate,15.2,9.1,6.6,122145.0,MPA,180.0,36.0,Toy
147,B007GQP3GC,,12.3,11.4,1.6,,Cra Z Art,0.0,0.0,Toy
148,B008LGSAX4,Mattel,10.5,6.9,2.7,446586.0,Mattel,180.0,48.0,Toy
149,B00592CFLQ,Cra-Z-Art,13.94,11.81,3.86,153293.0,Cra Z Art,180.0,96.0,Toy
150,B0044KN842,Fisher-Price,10.2,5.8,0.9,,Fisher-Price,72.0,24.0,Toy
151,B009261MIC,Inkoos,15.0,12.9,4.0,711985.0,"The Bridge Direct, Inc",600.0,48.0,Toy
152,B0051MQWRC,Spin Master,8.5,6.5,1.3,1054201.0,Spin Master,0.0,72.0,Toy
153,B001QT03JW,Blast Zone,36.75,16.26,15.75,130919.0,Blast Zone,144.0,36.0,Toy
154,B00AE0TAMU,Hasbro,6.8,4.2,1.0,670401.0,HASBRO,0.0,144.0,Toy
155,B006DR6J5O,Mattel,13.15,5.12,2.6,434797.0,Mattel,120.0,36.0,Toy
156,B0012S5CQ6,Toystate,17.1,11.1,2.55,38867.0,MPA,180.0,60.0,Toy
157,B0018LAAIW,Swing-N-Slide,95.75,37.5,21.5,446076.0,Swing-N-Slide,120.0,36.0,Toy
158,B00696367S,Magformers,13.8,10.1,3.15,7064.0,Magformers,1188.0,72.0,Toy
159,B00ACQMJ0G,Playhut,23.1,19.8,5.7,1193351.0,Playhut,0.0,0.0,Toy
160,B00CRJNSPG,Swing-N-Slide,96.0,43.0,42.0,93823.0,Swing N Slide (DropShip),144.0,36.0,Toy
161,B006CD1JGI,Star Wars,21.5,3.5,2.99,340522.0,Star Wars,96.0,48.0,Toy
162,B001DCEP9G,Toystate,22.1,12.0,6.8,258815.0,Toy State,180.0,60.0,Toy
163,B00JUAJHNM,Mattel,12.8,10.6,3.3,359419.0,Mattel,0.0,36.0,Toy
164,B009WQKWEC,Bright Starts,14.96,11.02,1.1,100176.0,Bright Starts,36.0,12.0,Baby Product
165,B0041X6SEO,Magformers,14.5,11.0,2.6,15198.0,Magformers,60.0,72.0,Toy
166,B00BSKQ7KS,Disney,12.0,10.0,3.5,750014.0,Jakks,0.0,48.0,Toy
167,B0068GY7R2,B.,9.0,6.1,2.7,689217.0,Toysmith,0.0,18.0,Toy
168,B0009VRRCY,Kidztoyz,25.8,8.8,3.0,406858.0,Kawasaki,120.0,60.0,Toy
169,B00EFLGVCQ,Monster High,24.1,7.5,2.1,588512.0,,0.0,0.0,Sports
170,B003YI45GA,My First Disney Princess,15.6,8.6,5.0,332484.0,Tolly Tots,168.0,24.0,Toy
171,B00F0IV07Y,Disney Princess,6.0,5.7,3.2,450545.0,Jakks,72.0,36.0,Toy
172,B000IGAC8G,Buzz Bee,27.01,7.52,2.52,309020.0,Poof Slinky,144.0,72.0,Toy
173,B001JQLJMM,Fisher-Price,15.2,13.0,2.0,345477.0,Fisher-Price,96.0,36.0,Toy
174,B00IOHGVH2,Hello Kitty,12.0,9.2,6.8,346938.0,Xcessory Intl - Toys,60.0,36.0,Toy
175,B000YQGQVC,Walnut Hollow,15.12,11.1,2.91,9595.0,Darice,100.0,12.0,Art and Craft Supply
176,B00CE3JI7W,Spider-Man,8.7,7.5,2.7,352164.0,Hasbro,84.0,36.0,Toy
177,B000VN5ZLA,Magformers,12.7,12.1,2.0,259.0,Magformers,72.0,36.0,BISS
178,B006UBM37G,Crayola,10.5,9.8,0.2,17397.0,Binney & Smith,180.0,24.0,Toy
179,B00FS3C5XY,Infantino,15.1,11.1,5.4,1037005.0,Go GaGa,0.0,12.0,Toy
180,B00GVL1ABU,Our Generation,10.8,8.6,1.9,1029829.0,Target,0.0,36.0,Toy
181,B00IRZT31M,LEGO,19.0,14.7,2.5,66121.0,LEGO,168.0,108.0,Toy
182,B004QNMB6I,Our Generation,22.99,20.0,5.98,356725.0,Toysmith,180.0,36.0,Toy
183,B00CUM9CNW,nabi,11.7,8.5,2.3,6316.0,Fuhu,0.0,0.0,Personal Computer
184,B007UE3WM2,Wild Planet,10.0,8.0,2.0,415973.0,Spy Gear,144.0,72.0,Toy
185,B009PLLFAE,LeapFrog,5.3,4.9,0.7,197826.0,Leapfrog,108.0,60.0,Toy
186,B007UE3WLI,Spy Gear,9.9,8.0,3.1,335113.0,"Wild Planet Entertainment, Inc.",144.0,72.0,Toy
187,B00F2IIZPM,Spy Gear,5.59,4.09,1.42,469314.0,Spin Master,132.0,72.0,Toy
188,B004V55VWC,Fabrique Innovations,12.6,9.6,7.2,,Fabrique Innovations,0.0,12.0,Sports
189,B00ABT5Z7S,World Tech Toys,22.9,9.3,6.8,850043.0,World Tech Toys,180.0,96.0,Hobby
190,B0089RPUHE,LeapFrog,5.3,4.9,0.7,25895.0,Leapfrog,96.0,60.0,Toy
191,B00EZIC6DW,Mattel,10.5,6.5,2.0,473460.0,Mattel,120.0,72.0,Toy
192,B00C18BXNC,Hot Wheels,36.3,12.1,6.4,377001.0,Mattel - Import (Wire Transfer),144.0,60.0,Toy
193,B00C6PVN6C,Monster High,13.07,11.65,5.04,293125.0,Mattel,156.0,72.0,Toy
194,B00CC3V7VO,Mattel,11.3,6.9,2.5,460460.0,Mattel,180.0,72.0,Toy
195,B00AFER8S8,Mattel,11.34,10.08,2.28,500546.0,Mattel,144.0,72.0,Toy
196,B00C6PWPWS,Hot Wheels,17.91,14.88,2.4,453848.0,Mattel,144.0,36.0,Toy
197,B00CHOPEQW,Mattel,8.1,6.8,2.7,62160.0,Mattel,120.0,36.0,Toy
198,B00C18BY5E,Hot Wheels,18.0,12.0,2.3,458961.0,Mattel - Import (Wire Transfer),144.0,48.0,Toy
199,B009X6WZT6,Mattel,10.47,6.3,1.97,457899.0,Mattel,120.0,72.0,Toy
200,B0089W1IGQ,Fisher-Price,25.2,16.1,6.7,10703.0,Fisher Price,60.0,18.0,Toy
201,B00C6PS1NK,Max Steel,12.0,7.0,2.6,391757.0,Mattel,144.0,48.0,Toy
202,B001K5UEGE,Revell,13.0,9.5,2.8,287342.0,Revell,1188.0,96.0,Hobby
203,B009F7OTZG,Mattel,14.09,11.81,3.23,478547.0,Mattel,144.0,48.0,Toy
204,B007Z0JBM6,Baby Einstein,10.31,9.29,3.62,2935.0,Baby Einstein,24.0,3.0,Baby Product
205,B004Z6HDNC,MGA,14.76,13.78,4.92,469222.0,MGA Entertainment,96.0,48.0,Toy
206,B00AHVJ8C8,Fur Real Friends,7.95,7.5,4.5,486105.0,Hasbro,1000.0,48.0,Toy
207,B00J40HTO2,Oball,4.33,3.15,2.6,67729.0,Oball,24.0,3.0,Baby Product
208,B00C6Q4HEQ,Mattel,12.9,5.2,2.3,29627.0,Mattel,96.0,36.0,Toy
209,B004Z0X8M8,Li'l Woodzeez,12.4,9.6,6.6,125351.0,Li'L Woodzeez,600.0,24.0,Toy
210,B00D9LWJXI,My Little Pony,12.13,6.06,2.13,262278.0,Hasbro,1188.0,60.0,Toy
211,B005QUQ9A4,LEGO,11.2,10.2,2.6,192814.0,LEGO,168.0,84.0,Toy
212,B00FV90ADM,,13.0,8.0,7.0,889066.0,Jakks,0.0,24.0,Toy
213,B00FG4AVCC,Disney,13.0,8.2,2.6,451972.0,Jakks,72.0,48.0,Toy
214,B0018OXZF4,Elenco,20.51,9.25,5.51,16053.0,Elenco Electronics Inc,1296.0,96.0,Toy
215,B00AHAJGXK,Crayola,6.77,5.12,4.57,7172.0,Crayola,180.0,48.0,Toy
216,B00C6Q9688,Mattel,12.87,8.86,2.4,160339.0,Mattel,96.0,36.0,Toy
217,B00EY26WA2,Mattel,9.0,8.8,3.7,113272.0,Frozen,120.0,36.0,Toy
218,B009Z1K5TG,Transformers,9.1,8.0,3.5,344196.0,Hasbro,1188.0,70.0,Toy
219,B00G7YLDLI,Our Generation,11.2,8.8,2.1,1654896.0,"Maison Joseph Battat, Ltd",0.0,36.0,Toy
220,B007WDGZSY,Thames & Kosmos,13.1,8.9,2.7,378400.0,Thames & Kosmos,180.0,120.0,Toy
221,B002TOJFMO,Mattel,13.31,5.12,2.44,669829.0,Mattel,120.0,36.0,Toy
222,B0089DQDK6,Hasbro,6.7,6.1,2.0,605430.0,Hasbro,60.0,36.0,Toy
223,B007LEB24G,Lalaloopsy,15.2,13.5,5.8,423941.0,Lalaloopsy,180.0,48.0,Toy
224,B002RIOFHM,Mattel,13.2,5.2,2.2,477905.0,Mattel,120.0,36.0,Toy
225,B002TOJFMY,Mattel,13.15,5.2,2.44,958336.0,Mattel,120.0,36.0,Toy
226,B001NLISDG,Fisher-Price,23.9,20.1,8.3,182296.0,Fisher-Price,36.0,18.0,Toy
227,B005EGKSYI,Beyblade,7.8,7.5,2.0,639975.0,Beyblade,98.0,8.0,Toy
228,B0045OV9HU,Spin Master,14.0,6.1,5.9,240448.0,Air Hogs,120.0,48.0,Toy
229,B001JQLJMC,Fisher-Price,15.2,12.8,2.0,345471.0,Fisher-Price,96.0,36.0,Toy
230,B005XTLM14,Mattel,13.98,12.8,2.99,608926.0,Mattel,120.0,36.0,Toy
231,B005KIR3MK,LEGO,5.71,4.02,1.89,349213.0,LEGO Creator,144.0,72.0,Toy
232,B005OCEP0A,Spin Master,14.0,6.0,5.6,693278.0,Air Hogs,120.0,48.0,Toy
233,B003NY672U,Step2,86.0,48.0,22.0,35045.0,Step2,96.0,36.0,Toy
234,B00I0B5P38,Hot Wheels,23.5,7.3,4.0,1576394.0,Hot Wheels,0.0,0.0,Sports
235,B005KBZKYK,Bright Starts,13.5,9.5,7.0,136998.0,KIDS II,36.0,6.0,Baby Product
236,B00J4S42YO,Nickelodeon,10.3,7.5,1.8,88678.0,LEGO,84.0,48.0,Toy
237,B00DELMFTQ,Disney Princess,14.5,10.7,2.5,503788.0,Disney Princess,72.0,36.0,Toy
238,B00583POBE,,15.5,5.8,2.4,884993.0,Buzz Bee Toys,0.0,0.0,Beauty
239,B00613SUDO,Hasbro,18.1,7.9,3.4,72613.0,Hasbro,0.0,96.0,Toy
240,B00416T0BY,SUPERSOAKER,8.62,5.51,1.89,166403.0,Nerf,1176.0,72.0,Toy
241,B004S6EAYY,Tonka,13.3,13.2,8.6,414880.0,Tonka,1176.0,36.0,Toy
242,B002Q7IE9O,Hot Wheels,13.0,8.2,5.0,216791.0,Mattel,600.0,48.0,Toy
243,B004JBJPIY,Fisher-Price,20.9,16.6,4.0,275114.0,Fisher-Price,0.0,0.0,Toy
244,B0027GKVZO,SunSmart,10.4,9.8,2.8,459044.0,Aqua Leisure,18.0,6.0,Toy
245,B00FE0EQII,Activision,10.75,7.24,4.25,25625.0,Activision,0.0,48.0,Video Games
246,B009R9EC9A,Step2,36.2,2.2,0.2,520271.0,Step2,36.0,24.0,Sports
247,B0000C9WI2,Fisher-Price,21.26,14.96,2.83,71905.0,Fisher Price,600.0,24.0,Toy
248,B004MWJLHK,LeapFrog,10.08,7.95,5.91,42802.0,Leapfrog,54.0,6.0,Toy
249,B005US5R28,Hasbro,12.0,8.0,1.18,36309.0,Hasbro,144.0,36.0,Toy
250,B00BGYPKV8,Toys R Us,13.9,9.3,7.9,236946.0,Toys R Us,0.0,36.0,Toy
251,B00AAWJZ4A,Our Generation,11.0,8.7,1.9,989424.0,Battat,0.0,36.0,Toy
252,B00D6MNMW2,,20.2,12.5,4.6,1348922.0,Maison Joseph Battat,0.0,36.0,Toy
253,B0013OBXG2,Z-Man Games,12.0,8.8,1.8,292292.0,Zman Games,168.0,120.0,Toy
254,B0054YXFAE,,24.25,7.17,4.02,318693.0,Razor,0.0,60.0,Toy
255,B00CM5D8AA,My Little Pony,11.9,10.0,1.8,436855.0,Hasbro,1188.0,36.0,Toy
256,B000U8SZ4A,John N. Hansen,10.0,6.1,1.3,7387.0,John N. Hansen Co.,1188.0,96.0,Toy
257,B00ACTO5AA,Little Mommy,11.89,8.43,1.97,439346.0,Fisher-Price,0.0,24.0,Toy
258,B009M2T7K6,Barbie,12.99,10.55,2.52,270700.0,Mattel,96.0,36.0,Toy
259,B003B9EFM6,Diamond Select,12.4,9.5,4.6,116564.0,Diamond Select Toys,0.0,168.0,Toy
260,B00859UVQQ,Sesame Street,18.3,14.2,3.2,319642.0,Moose Mountain - Domestic,180.0,24.0,Toy
261,B00IJZPZLW,Marvel,10.2,5.9,2.3,228435.0,Hasbro,1188.0,48.0,Toy
262,B00IJZPZLC,Marvel,10.4,5.9,2.2,140750.0,Hasbro,1188.0,48.0,Toy
263,B00CSGYLQI,Mattel,33.15,14.49,5.43,65816.0,Mattel,96.0,36.0,Toy
264,B004T36ES6,Li'l Woodzeez,7.3,6.1,3.4,209770.0,Lite Hawk,120.0,36.0,Toy
265,B003C1BOY0,TOMY,10.0,8.3,2.7,569607.0,Rc2,72.0,24.0,Toy
266,B008J87PVC,Hasbro,10.59,10.51,1.89,2893.0,Hasbro Games,1176.0,72.0,Toy
267,B00E4LFJE8,The Bridge Direct,15.2,13.1,4.4,753152.0,MPA,180.0,48.0,Toy
268,B005KBS1L4,Hasbro,6.1,4.3,2.0,556672.0,Hasbro,0.0,36.0,Toy
269,B00CG5X6IA,Beyblade,8.4,7.6,1.7,723146.0,Hasbro,1188.0,96.0,Toy
270,B004FLK5OQ,Mattel,13.07,5.2,2.68,868998.0,Mattel,84.0,36.0,Toy
271,B004NIF53M,Barbie,13.3,5.1,2.3,744747.0,Barbie,0.0,36.0,Toy
272,B00CQHZ2KS,Mattel,16.1,12.1,3.1,722543.0,Mattel,120.0,48.0,Toy
273,B00EVX0XO0,Barbie,13.1,10.1,2.6,624976.0,Mattel - Import (Wire Transfer),120.0,36.0,Toy
274,B00EFZAFGA,Mattel,17.2,8.3,3.1,379353.0,Mattel - Import (Wire Transfer),120.0,48.0,Toy
275,B00EFZAFGK,Mattel,12.13,11.02,3.15,137600.0,DC Comics,120.0,48.0,Toy
276,B00FJQCM3S,Mattel,11.85,10.04,3.03,313277.0,Disney Princess,120.0,36.0,Toy
277,B00FJQCM1K,Mattel,11.5,9.1,3.0,320079.0,Disney Princess,120.0,36.0,Toy
278,B00F14IEV2,Mattel,11.4,6.5,2.6,436106.0,Sofia The First,120.0,36.0,Toy
279,B00F14IEVM,Mattel,11.42,6.61,2.6,438703.0,Mattel,120.0,36.0,Toy
280,B00FYX5VMU,Barbie,13.5,7.1,3.3,311074.0,Mattel,180.0,72.0,Toy
281,B00ABY8WNW,Mattel,12.05,7.87,2.76,336184.0,Mattel,168.0,48.0,Toy
282,B00FAQW0MK,Hot Wheels,15.04,12.05,2.76,49748.0,Mattel,120.0,48.0,Toy
283,B00EY26W7U,Mattel,14.0,10.1,2.1,285688.0,Mattel - Import (Wire Transfer),120.0,36.0,Toy
284,B00EY26WM0,Mattel,14.75,9.0,4.0,254860.0,Mattel - Import (Wire Transfer),120.0,36.0,Toy
285,B00FF4EGZ6,Matchbox,15.2,12.0,3.4,380974.0,Mattel - Import (Wire Transfer),120.0,36.0,Toy
286,B00EFZAFU6,Mattel,11.3,8.5,2.4,381602.0,Mattel - Import (Wire Transfer),120.0,36.0,Toy
287,B000GZXA3S,Yuasa,8.7,7.4,4.4,254462.0,Yuasa,0.0,0.0,Automotive Parts and Accessories
288,B00ABY93FI,Barbie,13.23,4.57,2.36,483830.0,Mattel,120.0,36.0,Toy
289,B00BLNY7V8,Barbie,13.39,7.17,2.44,367668.0,Mattel,120.0,36.0,Toy
290,B00CI7WO9I,Barbie,12.99,10.08,2.83,443703.0,Mattel,120.0,36.0,Toy
291,B00B9BFU8Q,Mattel,12.0,7.5,3.5,893256.0,Mattel,120.0,48.0,Toy
292,B00B8TRN2U,Matchbox,14.1,7.6,5.9,499016.0,Mattel,120.0,36.0,Toy
293,B00B9BFUUE,Mattel,12.0,10.0,2.4,365401.0,Mattel,120.0,48.0,Toy
294,B00CKH9WOQ,Monster High,12.6,10.04,2.72,180601.0,Mattel,144.0,72.0,Toy
295,B00C16Z57Y,Mattel,12.1,6.1,3.6,363171.0,Mattel - Import (Wire Transfer),96.0,36.0,Toy
296,B00FBWFHYQ,Mattel,15.1,10.1,1.6,466603.0,Mattel - Import (Wire Transfer),120.0,36.0,Toy
297,B0094J4NLA,Barbie,23.5,12.7,4.3,189388.0,Mattel,96.0,36.0,Toy
298,B00EFZAFTW,Max Steel,11.02,9.76,3.23,176965.0,Mattel - Import (Wire Transfer),120.0,48.0,Toy
299,B00HZBXSHO,Mattel,12.0,7.2,2.6,293009.0,Mattel,180.0,72.0,Toy
300,B000ETRE0Q,Fisher-Price,15.4,11.2,5.6,114450.0,Fisher-Price,48.0,18.0,Toy
301,B00CEQ1CLO,Mattel,14.5,6.2,2.8,357720.0,Mattel,96.0,36.0,Toy
302,B00CEQ1HOQ,Monster High,12.99,9.37,2.68,209110.0,Mattel,156.0,72.0,Toy
303,B00C6PYP94,Barbie,12.68,4.88,2.52,331059.0,Barbie,144.0,36.0,Toy
304,B00ABY8WVO,Mattel,5.91,2.76,1.18,169031.0,Mattel,168.0,48.0,Toy
305,B00C8W6SQS,Mattel,11.3,4.1,3.8,569594.0,Mattel,180.0,72.0,Toy
306,B00C74HT10,Mattel,12.0,10.0,3.0,215790.0,Mattel,108.0,36.0,Toy
307,B00G7JCWQ8,Great Planes,10.2,10.1,1.2,575179.0,Hobbico Inc,1080.0,180.0,Hobby
308,B00EVX0XWC,Barbie,12.8,8.6,2.5,333998.0,Mattel - Import (Wire Transfer),120.0,36.0,Toy
309,B00EVX0ZIY,Barbie,12.9,8.7,2.5,304896.0,Mattel - Import (Wire Transfer),120.0,36.0,Toy
310,B00EVX0ZH0,Barbie,12.9,8.7,2.5,309438.0,Mattel - Import (Wire Transfer),120.0,36.0,Toy
311,B00ICNA30O,Hot Wheels,12.2,1.65,1.02,22580.0,Mattel,84.0,36.0,Toy
312,B00G69QGV6,Transformers,6.9,3.3,2.4,198521.0,Hasbro,1188.0,60.0,Toy
313,B00ECV4GCG,Transformers,6.9,3.4,1.7,197064.0,Hasbro,1188.0,60.0,Toy
314,B00F14IQIS,Polly Pocket,10.1,8.9,2.5,425821.0,Mattel,120.0,48.0,Toy
315,B00G69QMIS,Transformers,6.9,3.3,1.6,153872.0,Hasbro,1188.0,60.0,Toy
316,B00IL7G828,Mattel,12.05,11.02,2.2,285776.0,Mattel,180.0,72.0,Toy
317,B00ENMGNWU,Fisher-Price,9.9,7.9,5.5,328235.0,Fisher Price,60.0,18.0,Toy
318,B00ECV4LN0,Transformers,11.5,8.0,4.2,246304.0,Hasbro,1188.0,60.0,Toy
319,B00AOCW32M,Nickelodeon,9.7,7.7,2.6,375491.0,Playmates - Toys,180.0,48.0,Toy
320,B004X0WAP6,Bright Starts,6.38,5.2,3.23,117407.0,KIDS II,36.0,3.0,Baby Product
321,B00AO3H5E2,Razor,34.5,11.0,5.5,257023.0,"Razor USA, LLC",0.0,0.0,Sports
322,B003KZ0Q4C,Thames & Kosmos,14.5,11.4,3.4,35759.0,Thames & Kosmos,96.0,96.0,Toy
323,B004QNL394,Our Generation,18.5,10.0,9.0,51499.0,Toysmith,180.0,36.0,Toy
324,B00CPZYJP0,Blip Toys,9.9,8.5,3.1,393041.0,Blip Toys - Import,180.0,48.0,Toy
325,B00CQHZ2LW,Mattel,12.2,8.11,2.6,28662.0,Mattel,96.0,36.0,Toy
326,B00G2CANUM,Nickelodeon,26.5,6.0,1.8,344543.0,Playmates - Toys,180.0,48.0,Toy
327,B0060RZD5E,Little Mommy,13.2,8.0,5.7,509665.0,Little Mommy,84.0,24.0,Toy
328,B0040I1MNC,My First Disney Princess,9.9,8.7,4.5,236480.0,Tolly Tots,168.0,24.0,Toy
329,B00FVHQLGY,Nickelodeon,12.0,10.2,5.0,412985.0,Playmates - Toys,180.0,48.0,Toy
330,B009AGHTOA,Circo Baby,14.3,8.8,5.4,567261.0,Circo,600.0,24.0,Toy
331,B00GKNQP0K,Razor,24.1,7.3,4.1,441998.0,Razor,0.0,12.0,Sports
332,B00KAIKKI4,Li'l Woodzeez,8.0,5.6,2.4,319572.0,Lite Hawk,120.0,36.0,Toy
333,B007G5PBCE,Hot Wheels,16.1,6.8,5.2,326171.0,Mattel,144.0,60.0,Toy
334,B004S6BRAY,Star Wars,11.5,8.2,3.1,294084.0,Hasbro,1176.0,36.0,Toy
335,B00EZPCX1A,Nintendo,8.39,5.31,1.69,2212.0,Nintendo of America,36.0,0.0,Video Games
336,B0085T34KG,Street Surfing,32.05,14.02,5.35,874037.0,,0.0,0.0,Sports
337,B0096TTSO0,Mega Bloks,8.0,3.7,1.4,120515.0,Mega Brands America Inc. - Megabloks - Fife,180.0,48.0,Toy
338,B00DZVD23S,Tatara,17.0,13.0,1.7,486544.0,Helix Retail,0.0,0.0,Health and Beauty
339,B0095MT276,,19.5,13.0,0.2,397740.0,Crayola,0.0,36.0,Toy
340,B008KNW1XS,Barbie,13.31,12.36,3.86,634595.0,Barbie,0.0,36.0,Toy
341,B0042ESHYQ,Barbie,12.76,8.82,2.36,601768.0,Barbie,0.0,36.0,Toy
342,B004LKRR7E,Barbie,13.15,7.64,3.46,703568.0,Mattel,120.0,72.0,Toy
343,B00AAQG9FY,,9.2,6.6,3.6,722100.0,Mattel,0.0,0.0,Toy
344,B005XTLG5G,Barbie,14.3,8.0,7.6,407425.0,Mattel,144.0,36.0,Toy
345,B00GT7VYV2,Barbie,15.7,12.9,7.4,579671.0,Just Play,0.0,36.0,Toy
346,B00D6N90AE,Spin Master,11.5,9.0,4.1,164351.0,Spin Master,108.0,48.0,Toy
347,B00IGVY0XS,Pressman,10.5,10.4,3.1,202027.0,Pressman Toys,180.0,60.0,Toy
348,B00IGVY0WE,Pressman,10.7,10.6,1.9,343560.0,Pressman Toys,180.0,60.0,Toy
349,B009KTT9H2,,6.9,5.2,2.2,714013.0,Disney,0.0,36.0,Toy
350,B0085WWXRS,Beyblade,8.25,6.9,2.0,448669.0,Hasbro,1188.0,96.0,Toy
351,B0093QF1DI,,8.8,7.6,1.7,887591.0,Hasbro,0.0,96.0,Toy
352,B007IK0GPO,Tech 4 Kids,9.0,5.0,1.5,932616.0,Tech 4 Kids,0.0,36.0,Toy
353,B007RFI44K,LEGO,6.6,6.5,3.0,130416.0,LEGO Hero Factory,144.0,72.0,Toy
354,B007T4JYXY,Nickelodeon,18.0,13.0,3.5,668563.0,Creative Designs Inc. (CDI),180.0,36.0,Toy
355,B005TYDSKQ,XIA,4.49,4.02,3.78,170186.0,Character,0.0,36.0,Toy
356,B00BCDQLAC,NECA,21.02,10.79,4.8,359331.0,Neca,192.0,180.0,Toy
357,B00AESXXQQ,,13.9,9.0,3.3,762497.0,Hasbro,0.0,96.0,Toy
358,B007Y74YXQ,Lalaloopsy,14.75,13.6,5.0,425745.0,MGA Entertainment,180.0,48.0,Toy
359,B009SEEKOQ,Disney,15.2,13.0,1.7,661211.0,"Creative Designs International, Ltd.",0.0,36.0,Toy
360,B00AJQ93L2,,5.1,5.1,1.8,878330.0,Hasbro,0.0,0.0,Toy
361,B00CHRM3KY,Hamacher,7.9,6.0,1.7,52314.0,Sassy,36.0,0.0,Baby Product
362,B00BGX5RUS,,12.6,10.8,2.9,1238879.0,Peachtree Playthings 1003138,0.0,0.0,Toy
363,B00CI4I594,Angry Birds,18.0,18.0,0.7,3095604.0,Commonwealth Toys,0.0,60.0,Toy
364,B0060Y240O,Nerf,17.7,12.6,2.9,69477.0,Nerf,112.0,64.0,Toy
365,B009IW25V8,,7.0,4.8,4.6,2025692.0,Babies R Us,0.0,24.0,Toy
366,B00D43FCL2,1S4UALL,11.8,11.0,1.6,706473.0,1S4UALL,0.0,0.0,Health and Beauty
367,B008A209Y2,,23.0,14.1,4.6,671307.0,best-lock,0.0,0.0,Toy
368,B007LX1DIW,Pok√©mon,12.0,7.5,3.1,784262.0,Jakks,96.0,48.0,Toy
369,B004Z0VP6O,Battat,12.3,7.9,5.1,1104323.0,Toysmith,48.0,18.0,Toy
370,B00D6CFGSU,,9.53,3.54,2.28,217097.0,Fisher Price,0.0,36.0,Toy
371,B004PW1XRI,Mickey Mouse,20.0,12.5,8.5,593982.0,Creative Designs Inc.,72.0,24.0,Toy
372,B00CZ3F276,My Little Pony,12.13,5.98,2.13,259643.0,Hasbro,1188.0,60.0,Toy
373,B00IJZPZM6,Marvel,10.1,5.9,2.3,134090.0,Hasbro,1188.0,48.0,Toy
374,B00G80IMOW,Play Circle by Battat,16.0,9.5,2.6,422335.0,Play Circle by Battat,0.0,36.0,Toy
375,B00IWQJETC,Fisher-Price,16.9,8.9,2.7,337165.0,Fisher Price,60.0,24.0,Toy
376,B009JAY21A,Buzz Bee,25.0,13.5,2.52,277500.0,Poof Slinky,180.0,72.0,Toy
377,B004T32VR4,Toystate,11.6,8.5,6.3,147467.0,MPA,180.0,36.0,Toy
378,B0089RPUH4,LeapFrog,5.3,4.9,0.7,166827.0,Leapfrog,60.0,36.0,Toy
379,B0045OV8NU,Spin Master,14.0,5.8,5.6,423160.0,Air Hogs,144.0,96.0,Toy
380,B0089DPDAM,Hasbro,6.77,6.3,2.28,719253.0,Hasbro,60.0,36.0,Toy
381,B002KKBVAQ,Geomag,14.96,8.58,1.89,1025152.0,Reeves (Breyer) Int'l,180.0,60.0,Toy
382,B006O6F2PC,Mattel,10.2,7.5,3.7,449805.0,Mattel,156.0,48.0,Toy
383,B00CFELSS2,Fur Real Friends,9.3,8.3,7.6,266764.0,Hasbro,1188.0,48.0,Toy
384,B004N7NFSK,Melissa & Doug,13.55,10.15,6.75,21.0,Melissa & Doug,180.0,3.0,Toy
385,B007G48NQ6,Nickelodeon,12.1,7.4,2.7,738949.0,Fisher Price,96.0,36.0,Toy
386,B00B5GA3MS,Baby Alive,14.5,10.8,5.1,506001.0,Hasbro,1188.0,36.0,Toy
387,B00G69QO2C,Transformers,7.01,5.98,1.5,24100.0,Hasbro,1188.0,60.0,Toy
388,B001JNI65S,Pavlov'z Toyz,15.3,9.0,5.6,67277.0,Pavlov'z Toyz,0.0,36.0,Toy
389,B00GTS7ND4,Pucci Pups,10.6,9.5,6.2,1025153.0,Pucci Pups,0.0,0.0,Toy
390,B003Z6QH3K,Kidz Delight,15.35,10.47,2.76,321290.0,Kidz Delight,84.0,48.0,Baby Product
391,B00BUO0AEG,Fisher-Price,13.1,11.1,3.7,465099.0,Fisher Price,72.0,24.0,Toy
392,B00DELMCW6,Disney,12.6,9.9,2.0,437973.0,Disney Princess,72.0,36.0,Toy
393,B002MUALIM,Mattel,10.79,10.59,4.61,90996.0,Mattel Games,144.0,60.0,Toy
394,B002KKBVB0,Geomag,16.46,10.16,1.81,1101798.0,Reeves (Breyer) Int'l,180.0,36.0,Toy
395,B00CH2ZPM2,Crayola,3.9,2.9,2.1,52830.0,Crayola,0.0,48.0,Toy
396,B00B9BFTKK,Thames & Kosmos,19.3,13.0,3.5,320004.0,Thames & Kosmos,180.0,96.0,Toy
397,B00B0MFRVY,Lalaloopsy,14.0,14.0,3.0,1263135.0,Playhut,0.0,36.0,Toy
398,B00BKSYFCU,Nabi,8.3,6.1,2.8,5266.0,"Fuhu, Inc.",0.0,0.0,Personal Computer
399,B00AL6S2JO,Our Generation,22.0,11.5,9.2,355621.0,Battat,600.0,36.0,Toy
400,B004QNIYGY,Our Generation,19.3,8.6,5.1,689680.0,Toysmith,180.0,36.0,Toy
401,B00H0OWDJA,DGQ,20.0,10.2,4.9,399089.0,Leateck,0.0,36.0,Toy
402,B00ECV4TXM,Furby,6.2,4.6,3.2,319483.0,Furby,1188.0,72.0,Toy
403,B00INUU3YW,Mattel,14.17,12.83,3.46,270048.0,Mattel,0.0,36.0,Toy
404,B004GXC6QS,Fur Real Friends,8.2,6.9,5.0,457924.0,Hasbro,1176.0,48.0,Toy
405,B009AERWEE,Fisher-Price,9.7,8.1,1.3,16759.0,Fisher Price,60.0,18.0,Toy
406,B008FREULU,Disney,13.31,7.87,5.2,402999.0,Just Play,72.0,36.0,Toy
407,B004SKYULI,Nerf,12.05,9.06,3.31,67349.0,Nerf,1176.0,96.0,Toy
408,B007KZ73EE,Diamond Select,12.36,10.39,4.57,385393.0,Rejects from Studios,180.0,168.0,Toy
409,B008HCZME2,Play-Doh,10.0,9.06,3.23,206063.0,Play-Doh,1188.0,36.0,Toy
410,B00CXVHFL6,Spin Master,12.0,8.5,4.2,536562.0,Spin Master,120.0,60.0,Toy
411,B00CZ3F22G,My Little Pony,12.1,6.1,2.1,276427.0,Hasbro,1188.0,60.0,Toy
412,B00FB7XMLG,Barbie,8.43,5.83,2.2,461324.0,Mattel,120.0,36.0,Toy
413,B00JRCB3HQ,LEGO,13.94,7.48,2.44,9473.0,Leba House Pub,1188.0,120.0,Toy
414,B00083HOXA,Pacific Play Tents,20.98,7.99,3.5,15067.0,Pacific Play Tents,120.0,36.0,Toy
415,B005LDDL0W,VeggieTales,9.9,9.9,5.8,961751.0,VeggieTales,96.0,36.0,Toy
416,B009M2TC8S,Barbie,12.6,4.8,2.6,387332.0,Mattel,144.0,36.0,Toy
417,B008ZGQU2I,Barbie,11.8,11.8,2.1,409482.0,Barbie,60.0,36.0,Toy
418,B003ZOHMDG,Li'l Woodzeez,7.4,4.4,3.5,272740.0,Lite Hawk,120.0,36.0,Toy
419,B00689NB3U,,12.91,4.09,1.97,1227620.0,Mattel Toys,0.0,36.0,Toy
420,B00AH18JJ6,,10.8,8.6,1.9,494506.0,"Manufactured for Maison Joseph Battat, LTD",0.0,48.0,Toy
421,B00EZIKOTA,Mooshka,14.7,9.0,3.6,398082.0,MGA Entertainment,60.0,24.0,Toy
422,B00942SDUE,Our Generation,13.1,8.9,2.5,1205865.0,"Maison Joseph Battat, Ltd.",600.0,36.0,Toy
423,B00A4U2NI8,Barbie,12.99,5.59,2.52,588814.0,Mattel,120.0,36.0,Toy
424,B009THDDJ0,Barbie,13.07,12.36,3.07,620727.0,Mattel,0.0,36.0,Toy
425,B00CPHGF7I,Play-Doh,16.5,10.0,5.5,35885.0,Hasbro,1188.0,36.0,Toy
426,B004QNMFJ6,Our Generation,14.2,10.0,2.2,33194.0,Toysmith,180.0,36.0,Toy
427,B00G987GQI,Mattel,11.0,7.1,2.4,112255.0,Mattel,168.0,72.0,Toy
428,B009ED2AXY,Beyblade,11.1,7.48,1.81,69840.0,Hasbro,1188.0,96.0,Toy
429,B000O8Z7UG,K'NEX Education,17.8,14.8,13.07,419684.0,K'NEX Education,288.0,96.0,Toy
430,B00F4AVTHO,EastPoint,23.0,10.1,5.1,2740599.0,Eastpoint,0.0,0.0,Sports
431,B003QP4DC2,Cra-Z-Art,12.0,11.25,2.2,746047.0,Cra Z Art,180.0,72.0,Toy
432,B00C5I14AU,Just Play,14.8,7.1,4.0,35103.0,Just Play,72.0,36.0,Toy
433,B00ADTALOI,Our Generation,10.4,8.1,6.4,388874.0,Battat,600.0,60.0,Toy
434,B009F7OUQE,Mattel,12.91,6.38,2.13,72222.0,Mattel,120.0,36.0,Toy
435,B00ADT97BG,Our Generation,11.8,8.4,7.4,619199.0,Battat,0.0,60.0,Toy
436,B00EH6USW8,Lil Woodzeez,18.5,15.98,9.02,77603.0,Lil Woodzeez,840.0,36.0,Toy
437,B00C6Q5N2Q,Mattel,12.9,6.7,2.4,200560.0,Frozen,96.0,36.0,Toy
438,B00517JF6M,Disney Princess,21.9,15.7,4.7,468735.0,Disney Princess,72.0,36.0,Toy
439,B00JWSJ6JM,THE ULTIMATE SPIDER-MAN,11.3,9.5,1.7,348824.0,Unknown,0.0,36.0,Toy
440,B00G987GXG,Mattel,12.2,7.24,2.52,516113.0,Mattel,168.0,72.0,Toy
441,B00IL7G832,Mattel,9.1,8.0,2.0,226700.0,Mattel,180.0,72.0,Toy
442,B00C5I14B4,Just Play,17.7,8.5,3.4,79931.0,Just Play,72.0,36.0,Toy
443,B00C16YUW0,Barbie,8.19,6.14,2.83,836402.0,Mattel - Import (Wire Transfer),108.0,36.0,Toy
444,B004RSGBSQ,Little Tikes,23.5,17.5,11.0,330302.0,Little Tikes,48.0,24.0,Toy
445,B00IVFCLZS,Monster High,12.91,8.19,2.76,226883.0,Mattel,180.0,72.0,Toy
446,B00FG4AV9K,Disney,13.0,8.1,2.5,375798.0,Jakks,72.0,48.0,Toy
447,B007WK8RYC,Adventure Time,11.5,4.1,2.2,126536.0,Jazwares Domestic,180.0,48.0,Toy
448,B00FY2P1MQ,Crayola,8.3,5.0,3.1,35895.0,Binney & Smith,8.0,4.0,Toy
449,B00G987H9E,Mattel,12.05,7.24,2.6,443949.0,Mattel,168.0,72.0,Toy
450,B00HBEHSLW,Our Generation,13.8,13.0,5.0,456563.0,Our Generation,600.0,36.0,Toy
451,B006BIO0BA,FurReal Friends,8.7,8.0,8.0,380099.0,Hasbro,1176.0,48.0,Toy
452,B00085EWVK,Fisher-Price,9.1,9.1,2.9,669497.0,Fisher-Price,0.0,0.0,Toy
453,B009Y5SD3S,Little Mommy,12.4,9.0,4.9,508565.0,Mattel,60.0,36.0,Toy
454,B00AWZN4V0,Lalaloopsy,14.9,13.0,4.7,472762.0,Lalaloopsy,104.0,48.0,Toy
455,B00HN9D206,Mattel,11.0,7.0,2.6,208198.0,Mattel,180.0,72.0,Toy
456,B0019JE68I,Gorilla,18.75,7.7,4.35,146751.0,Gorilla Playsets,0.0,48.0,Toy
457,B00IQDXF2S,Swing-N-Slide,108.0,42.0,42.0,1405293.0,Swing N Slide (DropShip),120.0,36.0,Toy
458,B003A2JCR2,LEGO,23.0,14.7,5.0,191172.0,LEGO City,144.0,72.0,Toy
459,B00B9C6NWM,Fisher-Price,14.0,12.0,2.1,120042.0,Longshore,180.0,18.0,Toy
460,B00ECV58YQ,Marvel,10.4,6.0,2.2,204442.0,Hasbro,1188.0,48.0,Toy
461,B002OEBGVW,Geomag,16.54,10.16,2.76,587227.0,Reeves (Breyer) Int'l,36.0,10.0,Toy
462,B0035EQGUG,LeapFrog,11.3,6.7,0.5,297003.0,LeapFrog,84.0,48.0,Toy
463,B00J4S792G,LEGO,10.3,7.5,2.3,34250.0,LEGO,144.0,84.0,Toy
464,B00G73U59U,Teenage Mutant Ninja Turtles,10.98,8.82,2.09,7877.0,Playmates - Toys,180.0,48.0,Toy
465,B0006HDJZ0,Wildkin,32.0,32.0,5.0,109877.0,Wildkin,120.0,36.0,Baby Product
466,B000IZYWF6,John N. Hansen,11.0,5.8,2.4,106602.0,John N. Hansen Co.,600.0,96.0,Toy
467,B00FMM4CXC,,25.3,20.5,8.7,1076073.0,Disney,0.0,0.0,Toy
468,B00DGAXFJY,Nerf,18.6,11.3,3.0,271435.0,Nerf,0.0,8.0,Toy
469,B00CTVIEE2,Fashion Angels,10.9,10.5,2.1,368802.0,FASHION ANGELS ENTERPRISES,0.0,96.0,Toy
470,B00ECMZ2Q4,Hello Kitty,15.4,10.0,6.0,475876.0,Blip Toys,180.0,48.0,Toy
471,B004T3J50U,Li'l Woodzeez,7.0,6.8,3.6,55252.0,Lite Hawk,120.0,36.0,Toy
472,B00H2Y2MSK,Infantino,7.6,6.46,2.01,29030.0,Infantino,0.0,0.0,Baby Product
473,B00CZ3F3J8,My Little Pony,12.1,6.0,2.1,258122.0,Hasbro,1188.0,60.0,Toy
474,B00JE7EE5C,Exxel,15.6,15.3,5.9,568795.0,Pro-Motion Distributing - Direct,48.0,48.0,Sports
475,B00IE3ELIW,Mattel,13.62,12.83,7.09,279982.0,Mattel - Import (Wire Transfer),120.0,48.0,Toy
476,B004QNIWX4,Our Generation,11.4,8.5,2.7,274741.0,Toysmith,180.0,36.0,Toy
477,B009Y5SD56,Little Mommy,12.2,7.0,5.0,496296.0,Mattel,60.0,36.0,Toy
478,B006ZS4G24,LEGO,13.7,7.48,2.99,164851.0,LEGO,600.0,72.0,Toy
479,B001KNLTTC,Diamond Select,11.42,9.92,4.25,107501.0,Rejects from Studios,180.0,168.0,Toy
480,B00DEAGZ3Y,My First Disney Princess,13.0,7.2,4.2,605783.0,Tolly Tots - Domestic,72.0,24.0,Toy
481,B00F5Y4C6Y,Mattel,10.55,10.0,2.52,169346.0,Mattel,120.0,36.0,Toy
482,B00DI4703A,Star Wars,17.95,10.55,2.76,32620.0,Hasbro,1188.0,60.0,Toy
483,B00285Q0R2,,10.5,7.9,2.5,385263.0,Hasbro,0.0,96.0,Toy
484,B00A17JU3U,McFarlane,10.5,3.8,2.8,446578.0,McFarlane Toys,180.0,96.0,Toy
485,B00HN9D4C2,Mattel,10.94,7.17,2.44,410731.0,Mattel,180.0,72.0,Toy
486,B009UCEGCM,Barbie,12.99,5.59,2.52,142630.0,Mattel,108.0,36.0,Toy
487,B009UXTEMI,Our Generation,21.0,14.5,10.0,448565.0,Battat,0.0,0.0,Toy
488,B00BSY0CSW,Justice League,18.1,9.1,4.0,719092.0,Mattel,0.0,48.0,Toy
489,B00F14I93A,Barbie,12.76,4.65,2.6,280403.0,Mattel,120.0,36.0,Toy
490,B00AM4930W,FurReal Friends Snuggimals,7.3,6.7,4.5,1362118.0,Hasbro FurReal Friends,0.0,48.0,Toy
491,B00C6Q5S44,Mattel,13.0,5.2,2.3,26906.0,Frozen,96.0,36.0,Toy
492,B004K1EZDI,ALEX Toys,9.2,9.2,2.1,464579.0,ALEX Toys,180.0,72.0,Toy
493,B00CPZYJRI,Blip Toys,9.8,8.1,2.9,382708.0,Blip Toys - Import,180.0,48.0,Toy
494,B0083TXY08,Nerf,20.8,11.7,5.1,225792.0,Hasbro,1188.0,96.0,Toy
495,B00A8HOX4Y,LEGO,10.2,7.4,2.4,107043.0,LEGO City,144.0,60.0,Toy
496,B00C6PRXOI,Max Steel,12.0,7.09,2.6,359714.0,Mattel,144.0,48.0,Toy
497,B00ECV4UO0,Furby,6.1,4.5,3.2,305040.0,Furby,1188.0,72.0,Toy
498,B00EZIKPVW,Mooshka,14.6,9.4,3.3,324712.0,MGA Entertainment,60.0,24.0,Toy
499,B00IHEO00C,LEGO,10.2,7.8,2.3,457661.0,Lego Systems,144.0,72.0,Toy
500,B00BDDO4KU,Our Generation Jeans,10.8,8.8,1.7,1146034.0,Our Generation Jeans,840.0,36.0,Toy
501,B0050R0YB8,LEGO,22.8,19.0,7.6,156809.0,LEGO,240.0,192.0,Toy
502,B00FGPU7U2,Fisher-Price,9.0,9.0,4.75,261556.0,Fisher Price,72.0,36.0,Toy
503,B009M2TC8I,Barbie,12.7,5.0,2.5,334647.0,Mattel,144.0,36.0,Toy
504,B007FMSGG6,BENSUSSEN DEUTSCH & ASSOCIATES,8.6,4.7,2.6,52353.0,BENSUSSEN DEUTSCH & ASSOCIATES,0.0,0.0,Video Games
505,B005LMVUWO,Lalaloopsy,16.14,10.71,5.75,385108.0,MGA Entertainment,180.0,48.0,Toy
506,B002S52VU2,Fisher-Price,13.0,9.5,2.1,179397.0,Fisher-Price Thomas,72.0,36.0,Toy
507,B00BPF6TRC,Young Justice,6.9,5.6,1.1,625991.0,Young Justice,0.0,48.0,Toy
508,B00BN78B5K,USAopoly,10.6,10.6,3.1,29716.0,USAopoly,600.0,84.0,Toy
509,B00IGNXHOY,LEGO,11.0,10.2,2.3,54058.0,LEGO,144.0,72.0,Toy
510,B00DPX8C4A,Diamond Select,11.9,5.1,2.5,545541.0,Flat River Group,180.0,96.0,Toy
511,B00G9876Q8,Mattel,12.0,11.0,2.1,497000.0,Mattel,168.0,72.0,Toy
512,B0050OTMAA,Disney Princess,10.55,8.27,7.56,195500.0,Creative Designs Inc.,84.0,36.0,Toy
513,B00ECV5VIE,Spider-Man,10.2,6.0,2.1,68249.0,Hasbro,1188.0,48.0,Toy
514,B00HMX8V8Q,LEGO,11.2,10.2,3.0,110473.0,LEGO,120.0,24.0,Toy
515,B004QNOD8C,Our Generation,22.0,12.0,9.0,1054690.0,Toysmith,180.0,36.0,Toy
516,B003FLMZP4,Fisher-Price,10.4,3.3,3.0,557817.0,Fisher-Price Thomas,72.0,36.0,Toy
517,B00HN9D22Y,Mattel,11.0,7.1,2.6,209873.0,Mattel,180.0,72.0,Toy
518,B00F9LK1V8,Fisher-Price,5.3,4.6,2.3,1138702.0,Fisher price,0.0,0.0,Toy
519,B005J2T3JI,Our Generation,18.8,9.5,5.0,958146.0,Toysmith,180.0,36.0,Toy
520,B000IZX2PM,John N. Hansen,18.3,9.6,2.7,538449.0,John N. Hansen Co.,1188.0,96.0,Toy
521,B004NBZBEM,My Little Pony,8.4,8.2,3.3,447678.0,Hasbro,1176.0,36.0,Toy
522,B00BK5MIEA,Lionel,13.5,9.4,4.1,1114325.0,Lionel LLC,99.0,60.0,Hobby
523,B00DTWSNLO,Li'l Woodzeez,7.4,5.8,3.8,140636.0,Lite Hawk,120.0,36.0,Toy
524,B0008JILCM,Learning Resources,14.25,11.65,3.23,378746.0,Learning Resources,120.0,60.0,Toy
525,B00CYN4J1C,Our Generation,20.0,10.0,5.0,428476.0,Our Generation,144.0,36.0,Toy
526,B00BMUAON0,Our Generation,15.6,13.7,6.3,750623.0,Battat,600.0,36.0,Toy
527,B005L0MKS4,LEGO,12.5,12.0,11.2,205198.0,Schylling,120.0,48.0,Toy
528,B00IGNUZQ2,LEGO,10.3,5.5,1.9,46854.0,LEGO,144.0,60.0,Toy
529,B007Q72ZA8,LEGO,22.9,18.7,5.1,100218.0,LEGO Creator,180.0,168.0,Toy
530,B004QNOF94,Our Generation,23.1,20.5,8.6,608147.0,Toysmith,180.0,36.0,Toy
531,B0054YXP5Y,New Bright,12.8,7.4,6.8,403821.0,Group Sales Inc,180.0,48.0,Toy
532,B00EBCBCRI,Unknown,11.69,10.39,2.2,28883.0,DISNEY,0.0,36.0,Toy
533,B006CD3BRI,Transformers,9.3,7.9,3.5,430639.0,Transformers,144.0,60.0,Toy
534,B009M2TC9W,Barbie,12.4,4.69,3.19,329574.0,Mattel,144.0,36.0,Toy
535,B008A224EA,Monster High,13.1,11.0,2.5,316876.0,Monster High,1200.0,72.0,Toy
536,B00IRZT3A8,LEGO,14.3,13.4,2.6,152646.0,LEGO,168.0,96.0,Toy
537,B00C6Q5FYC,Barbie,12.91,6.77,2.52,161524.0,Mattel,120.0,36.0,Toy
538,B00HZBXSSI,Mattel,11.9,7.2,2.7,514686.0,Mattel,180.0,72.0,Toy
539,B00ATA2T9Q,Transformers,9.0,8.1,3.6,210111.0,Transformers,1000.0,60.0,Toy
540,B004SKX4LK,Beyblade,8.2,3.7,1.8,420640.0,Beyblade,1176.0,96.0,Toy
541,B00KBZYM0S,,15.6,7.1,7.0,1394992.0,JADA,0.0,0.0,Toy
542,B009M2TCAQ,Barbie,13.15,4.72,2.52,384963.0,Mattel,144.0,36.0,Toy
543,B00CHFP0SI,Max Steel,12.0,7.0,2.25,504020.0,Mattel,144.0,48.0,Toy
544,B00D6GKIM0,Fisher-Price,22.64,13.19,6.3,133250.0,ToyCenter,600.0,36.0,Toy
545,B00BK5MVME,Lionel,20.7,17.5,9.6,834819.0,Lionel LLC,99.0,96.0,Hobby
546,B00CXVKA86,The Bridge Direct,11.8,7.2,2.8,205714.0,MPA,180.0,48.0,Toy
547,B00CANIDD6,Littlest Pet Shop,10.1,8.5,1.9,297556.0,Hasbro,1188.0,48.0,Toy
548,B00EZIKPRG,Mooshka,15.3,9.5,3.2,370931.0,MGA Entertainment,60.0,24.0,Toy
549,B00A8UT558,Transformers,11.57,7.95,3.31,59200.0,Hasbro,1188.0,36.0,Toy
550,B00CD6WSNG,Play-Doh,12.0,9.0,3.0,516290.0,Hasbro,0.0,36.0,Toy
551,B00840L9NU,Bratzillaz,13.0,10.0,2.5,383643.0,Bratz,180.0,72.0,Toy
552,B007PKDNHA,Underground Toys,10.6,6.6,6.2,318557.0,Underground Toys LLC,99.0,0.0,Toy
553,B00ECV4DBU,Transformers,10.1,7.6,2.6,277723.0,Hasbro,1188.0,60.0,Toy
554,B00ECV52E2,My Little Pony,13.15,9.06,2.05,116312.0,My Little Pony,1188.0,60.0,Toy
555,B00C7BQ8G0,Hot Wheels,9.1,3.4,3.2,407629.0,Mattel - Import (Wire Transfer),120.0,36.0,Toy
556,B00HVMAG0O,Crayola,2.0,1.8,1.5,304581.0,Crayola,0.0,120.0,Art and Craft Supply
557,B0013ACLNA,Fisher-Price,22.5,13.1,10.5,575444.0,Moose Mountain Marketing Inc,36.0,12.0,Toy
558,B00DOOBWD8,Hearts for Hearts Girls,15.1,7.9,4.2,451692.0,Playmates - Toys,120.0,72.0,Toy
559,B00IWQJERE,Fisher-Price,15.9,10.9,3.6,199896.0,Fisher Price,60.0,24.0,Toy
560,B00EV8E5M6,Our Generation,14.1,12.3,1.7,961599.0,Our Generation Jenny's,0.0,36.0,Toy
561,B004S522XG,New Bright,17.7,9.7,8.9,361411.0,Group Sales Inc,180.0,72.0,Toy
562,B00GU1825S,Nickelodeon,10.4,8.4,2.0,475180.0,Playmates - Toys,180.0,48.0,Toy
563,B00ECV58G4,Marvel,10.5,6.0,2.4,258854.0,Hasbro,1188.0,48.0,Toy
564,B00GH307F2,Mattel,12.9,8.2,2.6,755776.0,Mattel,0.0,0.0,Toy
565,B00DSDYDYU,Disney Frozen,11.6,7.7,4.1,362949.0,Disney,72.0,24.0,Toy
566,B00BDC1ALC,Li'l Woodzeez,13.5,12.3,7.0,32125.0,Li'l Woodzeez,0.0,36.0,Toy
567,B00ET6KXU8,Our Generation,19.5,7.8,4.9,850958.0,Our Generation,840.0,60.0,Toy
568,B00G98771W,Mattel,11.8,10.2,1.8,621302.0,Mattel,168.0,72.0,Toy
569,B00HQMAKXC,Disney,21.1,10.0,2.5,307080.0,Jakks Pacific,0.0,48.0,Toy
570,B00KWI2LAW,Transformers,14.9,9.9,3.5,311898.0,Hasbro,0.0,48.0,Toy
571,B00A4U2P4U,Little Mommy,14.5,8.7,5.0,802787.0,Mattel,60.0,24.0,Toy
572,B003WE34HC,B. toys by Battat,10.0,9.5,8.9,16703.0,Toysmith,36.0,12.0,Toy
573,B00K5UY9NY,,20.1,13.7,4.0,420352.0,Spin Master,0.0,48.0,Toy
574,B00C6RC3GE,Beyblade,11.2,7.5,1.8,553970.0,Hasbro,1188.0,96.0,Toy
575,B004QNOBPW,Our Generation,24.7,20.6,6.1,253130.0,Toysmith,180.0,36.0,Toy
576,B00B8TRP96,Matchbox,14.1,7.6,5.9,765463.0,Mattel,120.0,36.0,Toy
577,B00HRN3G5E,Nickelodeon,7.0,6.9,1.3,539137.0,Playmates - Toys,180.0,48.0,Toy
578,B00KSJC2Y0,,16.8,14.2,6.0,3240308.0,MATTEL,0.0,0.0,Toy
579,B002YIRKQI,B. toys by Battat,11.7,10.9,5.9,256781.0,Battat,0.0,12.0,Toy
580,B00EHMYSBO,Doc McStuffins,13.0,8.4,4.3,439919.0,Just Play,0.0,48.0,Toy
581,B00AGAK5BI,Power Trains,12.0,4.1,2.0,398152.0,Jakks,0.0,60.0,Toy
582,B009UXP0QC,Battat,23.0,13.0,11.5,544364.0,Battat,0.0,36.0,Toy
583,B00G69QG7A,Transformers,6.5,3.4,2.5,248858.0,Hasbro,1188.0,60.0,Toy
584,B007WDGZDY,Thames & Kosmos,13.1,8.7,2.8,142897.0,Thames & Kosmos,180.0,120.0,Toy
585,B001G8J78Q,KidKraft,46.3,16.77,5.91,20018.0,KidKraft,96.0,36.0,Toy
586,B00804H7OK,Jada,18.0,11.0,6.0,35256.0,Jada Toys - US,1080.0,48.0,Toy
587,B003Z6QH0S,Kidz Delight,11.42,9.92,2.91,419629.0,Kidz Delight,48.0,24.0,Baby Product
588,B00GSN5DC8,LEGO,6.1,6.0,1.8,140535.0,LEGO,144.0,60.0,Toy
589,B00IRZT36C,LEGO,20.98,10.98,2.99,143860.0,LEGO,168.0,108.0,Toy
590,B00005BY8V,Mattel,16.1,10.7,4.5,44767.0,Mattel Games,1188.0,72.0,Toy
591,B00DGQP460,Ever After High,12.6,10.94,3.86,143480.0,Mattel,156.0,72.0,Toy
592,B00E8I0COO,LEGO,15.0,10.1,2.7,451393.0,LEGO,600.0,60.0,Toy
593,B001R5GAJM,Milton,10.59,7.95,1.5,193924.0,Milton Bradley,48.0,36.0,Toy
594,B00GNB38EU,Nerf,11.1,9.41,5.79,127708.0,"Sakar International, Inc.",0.0,0.0,Speakers
595,B008EG7KSM,Baby Alive,16.1,12.9,6.2,216015.0,Hasbro,1188.0,36.0,Toy
596,B00CANHS0K,KRE-O,20.75,10.15,2.6,402011.0,Hasbro,168.0,96.0,Toy
597,B005CRT0X4,Hasbro,10.7,5.6,5.5,576502.0,Hasbro,1248.0,36.0,Toy
598,B00E7S1ARI,Pac-Man,4.5,3.0,2.1,596219.0,Pac Man,0.0,48.0,Toy
599,B00BGYQ3Y6,,7.6,4.0,1.2,9872.0,Performance Designed Prod,0.0,0.0,Network Media Player
600,B006XG2CQK,Hasbro,15.5,6.4,3.0,432328.0,Hasbro Toys,600.0,36.0,Toy
601,B0068N3PPU,Lalaloopsy,9.6,4.8,0.8,623217.0,MGA Entertainment,104.0,48.0,Toy
602,B00514N9YY,Blip Toys,24.0,14.5,5.9,589094.0,Blip Toys,180.0,48.0,Toy
603,B00A7QEGMU,KRE-O,5.4,4.5,1.5,650350.0,Hasbro,1188.0,72.0,Toy
604,B00BU7QHSG,Hasbro,7.01,5.0,0.98,477698.0,Hasbro,1188.0,48.0,Toy
605,B000PY1460,Manhattan Toy,14.02,8.74,2.05,921929.0,Manhattan Toy,60.0,36.0,Toy
606,B008AYELJY,Speck,7.8,4.7,0.8,741107.0,Speck,0.0,0.0,Wireless
607,B005VG67D2,Mechatars,9.6,5.1,1.9,1122969.0,Mechatars,132.0,72.0,Toy
608,B004165J3W,Ben 10,9.2,6.7,2.9,1038773.0,Bandai America Incorporated,120.0,48.0,Toy
609,B00BD2Z4TG,Audiovox,10.9,9.7,3.2,217320.0,Audiovox,0.0,0.0,Home Theater
610,B00E6K8RI2,Imagine by Rubie's,13.0,11.3,0.7,367339.0,Imagine by Rubie's,96.0,72.0,Toy
611,B007T4G90K,Nickelodeon,14.7,12.0,4.8,484728.0,Jakks,180.0,48.0,Toy
612,B0092GQLHE,Flyline RC,23.54,14.96,4.33,508355.0,Flyline RC,168.0,96.0,Toy
613,B0085TUAUI,Marvel,21.0,14.0,4.1,356995.0,Hasbro,1188.0,48.0,Toy
614,B00D4L6B00,Disney,11.3,3.4,0.6,2445917.0,Disney,0.0,0.0,Watch
615,B009G0MCLK,Doodle Deco,16.0,10.4,1.8,841623.0,Horizon Group,180.0,72.0,Toy
616,B008MW73FS,Moxie Girlz,8.9,3.9,0.9,981788.0,MGA Entertainment,180.0,60.0,Toy
617,B00956DTQW,Orbeez,14.1,11.8,3.3,884324.0,The Maya Group,0.0,60.0,Toy
618,B008EG7KS2,Baby Alive,15.8,12.1,6.5,342582.0,Hasbro,1188.0,36.0,Toy
619,B0086488HO,The Bridge Direct,8.1,4.8,1.7,282869.0,BRIDGE DIRECT,0.0,144.0,Toy
620,B009N0FF8U,,9.3,6.6,1.2,1157648.0,Sakar,99.0,7.0,Toy
621,B00540SIIM,,7.0,7.0,1.0,100087.0,,0.0,0.0,Single Detail Page Misc
622,B009XPP6EI,Spin Master,12.9,7.8,2.5,524772.0,Spin Master,144.0,60.0,Toy
623,B00DQQQ2U2,Pac-Man,10.9,6.7,2.7,654288.0,Bandai,1200.0,60.0,Toy
624,B00BN8G822,Wrestling,9.21,7.32,1.89,1044679.0,Jakks,600.0,36.0,Toy
625,B0093IHZQM,Speck,6.4,4.3,0.8,245616.0,Speck,0.0,0.0,Wireless
626,B0083GQFTI,DC Comics,10.4,5.8,3.1,720208.0,Diamond Comic Distributors,180.0,168.0,Toy
627,B00A92GINM,Transformers,13.6,3.1,2.8,759710.0,Hasbro,1000.0,60.0,Toy
628,B003VS0CWY,FOX Home Entertainment,7.5,5.4,0.7,68613.0,Twentieth Century Fox Home Entertainment,0.0,0.0,DVD
629,B007T4G91Y,Nickelodeon,13.0,10.1,4.6,601912.0,Jakks,180.0,48.0,Toy
630,B00840LAL6,Lalaloopsy,15.35,14.02,5.59,400786.0,MGA Entertainment,180.0,48.0,Toy
631,B001WYP6PM,Uglydoll,11.7,4.8,3.1,442425.0,Ugly Doll,144.0,12.0,Toy
632,B0091JPDJ4,Jazwares,11.0,7.8,2.8,744631.0,Jazwares,0.0,48.0,Toy
633,B005ELMET0,Uglydoll,11.5,10.9,2.7,1056550.0,Uglydoll,180.0,36.0,Toy
634,B0051SL4YM,John Deere,9.2,8.1,5.9,812502.0,John Deere,144.0,36.0,Toy
635,B004X4X3N0,SpyNet,10.08,10.08,3.07,274406.0,Spy Net,144.0,96.0,Toy
636,B00AEE2MQ2,Ben 10,6.4,5.4,1.9,444043.0,Bandai,300.0,48.0,Toy
637,B0093IHYSG,Speck,8.3,4.8,4.3,124128.0,Speck,0.0,0.0,Wireless
638,B00EA0C22K,The Smurfs,9.92,7.01,3.31,509837.0,Jakks,72.0,48.0,Toy
639,B00B5S3850,Fisher-Price,8.0,4.0,3.9,553147.0,Fisher Price,84.0,36.0,Toy
640,B00BQMVMWQ,Mezco,15.7,9.1,5.4,499024.0,Diamond Comic Distributors,528.0,14.0,Hobby
641,B004I8V6Z8,Kid Galaxy,9.5,5.6,4.5,763260.0,Kid Galaxy,180.0,36.0,Toy
642,B0091LXDBW,LEGO,7.0,4.0,0.25,260798.0,LEGO,600.0,14.0,Toy
643,B009IWE8J0,,8.1,5.1,2.1,1125300.0,Zag Toys,0.0,0.0,Toy
644,B004SN4T16,Monster High,17.5,12.9,5.2,354910.0,Mattel,120.0,72.0,Toy
645,B00C2SJB6C,Fisher-Price,8.0,6.0,1.9,614265.0,Fisher Price,84.0,36.0,Toy
646,B009IWXAS0,Bratz,16.0,9.1,1.7,440728.0,MGA Entertainment,0.0,120.0,Toy
647,B009183PUE,San Diego Comic,6.1,6.0,2.2,157193.0,Hasbro,0.0,24.0,Toy
648,B00AZ62Z1Q,Diamond Select,11.4,6.7,3.4,572945.0,Diamond Comic Distributors,180.0,168.0,Toy
649,B005KBVBA2,Dr Dreadful,7.5,6.0,1.6,36647.0,Spin Master,0.0,72.0,Toy
650,B00GJ19V3Q,BD&A,14.4,11.4,3.9,708263.0,Power A,0.0,0.0,Toy
651,B002FL465M,Fashion Angels,14.1,11.0,3.6,597119.0,Fashion Angels,180.0,96.0,Toy
652,B00B71CZLI,Nickelodeon,10.1,4.1,2.5,927332.0,Fisher Price,36.0,18.0,Toy
653,B005LAJ212,TCM,7.48,5.35,0.71,4930.0,ABC Studios,0.0,0.0,DVD
654,B00B5OOSL2,Think Fun,7.4,7.0,6.6,6228.0,ThinkFun,36.0,18.0,Boost
655,B004YC4NH6,ION Audio,18.6,13.0,9.5,268342.0,Ion Audio,0.0,36.0,Sports
656,B00AL5NC7C,NECA,12.28,5.91,2.52,124465.0,Neca,120.0,36.0,Toy
657,B005ELLRMK,Uglydoll,11.8,9.5,2.9,1023958.0,Uglydoll,180.0,36.0,Toy
658,B00CI4OHGO,,12.0,10.0,3.3,822702.0,Mattel,0.0,0.0,Toy
659,B0030IPSMO,Zhu Zhu Pets,10.24,9.21,3.94,483417.0,ZhuZhu Pets,144.0,48.0,Toy
660,B00AQG0FB2,Littlest Pet Shop,4.7,4.3,2.3,570650.0,Littlest Pet Shop,1188.0,48.0,Toy
661,B00E8A06DO,Activision,7.5,5.3,0.6,3091.0,Activision Inc.,0.0,24.0,Video Games
662,B003WT0X0I,Alexander Doll,20.5,9.0,6.0,871729.0,Alexander Dolls,180.0,36.0,Toy
663,B004B5A68Q,Disney,17.7,9.8,7.4,148355.0,Disney,0.0,0.0,Musical Instruments
664,B00BJH0SNW,Rubie's,14.0,11.0,0.2,174662.0,Rubies - Domestic,24.0,12.0,Toy
665,B008F09L5M,La Dee Da,12.9,7.7,2.6,548879.0,La Dee Da,0.0,60.0,Toy
666,B004O556PG,Star Wars,6.1,6.0,2.7,109795.0,Cardinal,0.0,36.0,Single Detail Page Misc
667,B00BWBH2AC,Hello Kitty,16.6,13.0,2.4,721280.0,F.A.B Starpoint,0.0,0.0,Toy
668,B0058YPLA2,TCM,6.7,5.3,0.7,47394.0,ABC,0.0,0.0,DVD
669,B008VUG276,Wonder Forge,15.7,10.6,2.8,276479.0,The Wonder Forge,99.0,36.0,Toy
670,B008RO874W,Sesame Street,7.1,5.42,0.58,103502.0,WarnerBrothers,0.0,0.0,DVD
671,B002Q4U71K,LEGO,10.9,5.6,2.5,357508.0,Lego Games,1188.0,84.0,Toy
672,B007N6T2GW,Madame Alexander,8.4,5.4,2.8,722168.0,Madame Alexander,0.0,168.0,Toy
673,B007GCNOMQ,Fohawx,15.0,7.0,2.5,1172648.0,Fohawx,0.0,48.0,Toy
674,B006CD3QYQ,Star Wars,10.9,9.0,5.1,721694.0,Star Wars,144.0,60.0,Toy
675,B007VI4TLK,Turner,7.5,5.3,0.6,163335.0,Cartoon Network,0.0,0.0,DVD
676,B002NPUCPI,Sybersound Records,5.6,4.9,0.4,218588.0,Sybersound,0.0,0.0,Music
677,B006ODEOCW,Duracell,7.7,4.55,0.45,370124.0,Duracell,0.0,0.0,Health and Beauty
678,B0085WWXX2,Beyblade,8.25,6.9,2.0,471430.0,Beyblade,1188.0,96.0,Toy
679,B00843H878,Monsuno,10.79,10.08,3.78,730671.0,Jakks,180.0,48.0,Toy
680,B00GVDZNX4,WWE,19.5,15.9,3.7,629872.0,Mattel,0.0,36.0,Toy
681,B002935GLY,Nickelodeon,5.5,4.8,0.4,49270.0,Sony,0.0,0.0,Music
682,B00864888S,The Bridge,8.43,5.51,1.81,383525.0,THE BRIDGE,72.0,1.0,Toy
683,B00HB4Y2UW,Sakar,8.4,8.2,6.4,87456.0,"Sakar International, Inc.",0.0,0.0,Speakers
684,B003GXE6RG,Jakks Pacific,11.26,7.64,2.91,451163.0,Real Construction,180.0,72.0,Toy
685,B00CUDE3E4,The Bridge Direct,12.5,10.7,3.8,533036.0,MPA,180.0,48.0,Toy
686,B004Z7H07K,LeapFrog,11.8,10.6,2.7,192089.0,Leapfrog,96.0,48.0,Toy
687,B0010ZZMKC,NECA,8.4,4.1,3.3,16347.0,Neca,0.0,1.0,Lighting
688,B007Y6ZQFC,Moxie Girlz,8.4,4.0,1.3,938349.0,MGA Entertainment,180.0,60.0,Toy
689,B00DLD3R4Y,miButton,6.0,3.9,0.4,896602.0,miButton,0.0,0.0,Wireless
690,B000O94RS8,Madame Alexander,8.8,7.7,3.7,787360.0,Madame Alexander,0.0,168.0,Toy
691,B00EPMC5N4,Planet Orbeez,9.3,9.1,3.3,615838.0,Maya Group,180.0,60.0,Toy
692,B007F7QSLQ,Fashion Angels,13.5,12.6,3.6,1126174.0,Fashion Angels,0.0,96.0,Toy
693,B00388J386,Fisher-Price,9.21,4.88,3.31,363654.0,Fisher-Price,72.0,36.0,Toy
694,B005T0DU4E,Speck,6.4,4.6,0.9,222343.0,Speck,0.0,0.0,Wireless
695,B00AWV90E4,Hobbit,13.2,7.1,4.1,295625.0,Neva,840.0,96.0,Toy
696,B008MW7BQO,MGA,5.3,3.6,1.6,1007666.0,MGA Entertainment,180.0,72.0,Toy
697,B00EHIGPCI,,6.4,3.0,1.0,1112617.0,Bandai,0.0,36.0,Toy
698,B00AF7RC68,NECA,21.02,11.81,4.8,585931.0,Neca,180.0,168.0,Toy
699,B0065FYG8G,"Index Digital Media, Inc",7.5,5.3,0.6,9777.0,Atlus,0.0,0.0,Video Games
700,B00GHYI4TC,,9.9,8.1,2.4,655095.0,Mattel,0.0,0.0,Toy
701,B00CI4S8FK,Covert Force,19.9,6.1,3.3,1037888.0,Scientific Explorer-Poof Slinky,180.0,60.0,Toy
702,B00EPMEQUO,Planet Orbeez,9.1,9.1,3.3,534652.0,Maya Group,180.0,60.0,Toy
703,B0036C0RBG,Hasbro,12.0,6.4,2.1,890742.0,HASBRO,0.0,48.0,Toy
704,B00BBJJST8,Pok√©mon,7.48,7.09,3.54,558552.0,Tomy,0.0,48.0,Toy
705,B004YCH4QS,Fisher-Price,8.4,7.9,4.1,668471.0,Fisher Price,84.0,36.0,Toy
706,B00ASKV7WM,Hasbro,12.0,7.6,3.1,333327.0,Hasbro,1000.0,60.0,Toy
707,B00DB69LQE,The Smurfs,6.0,3.8,1.1,559776.0,Jakks,72.0,48.0,Toy
708,B001711LGI,Ideal,14.1,10.3,8.5,52599.0,Ideal,144.0,60.0,Toy
709,B006O6EG86,Barbie,12.99,8.11,2.68,552845.0,Mattel,144.0,36.0,Toy
710,B0052PXWSU,Erector,16.0,9.9,2.9,810008.0,Erector,180.0,84.0,Toy
711,B00AEE2MCG,Ben 10,8.5,7.7,2.1,422562.0,Bandai,300.0,48.0,Toy
712,B00C60DWHA,Just Play,16.5,12.6,4.1,699774.0,Just Play,72.0,36.0,Toy
713,B001EVS5EM,Find it Games,11.0,3.7,3.6,263170.0,Find It Games,1200.0,60.0,Toy
714,B008BGNT7G,Joovy,14.8,13.6,8.3,6736.0,JOOVY,42.0,12.0,Baby Product
715,B008SBKLFM,Winx Club,5.9,4.9,2.6,860597.0,Jakks,0.0,48.0,Toy
716,B007RFI486,LEGO,8.7,5.4,3.2,137457.0,LEGO,144.0,72.0,Toy
717,B00BH0PCIC,Babies R Us,8.7,8.2,6.2,419418.0,Babies R Us,36.0,12.0,Baby Product
718,B009AFI346,Spin Master,13.07,7.64,2.52,607287.0,Spin Master,144.0,60.0,Toy
719,B0063NLS54,Barbie,13.0,7.1,2.4,723240.0,Mattel,168.0,72.0,Toy
720,B004UUHBJY,Disguise,6.0,6.0,5.0,265606.0,Disguise Costumes - Toys Division,12.0,4.0,Toy
721,B007TUAIL0,Mega Bloks,18.4,11.7,2.7,338194.0,Mattel,180.0,96.0,Toy
722,B008MW73EE,Moxie Girlz,8.9,3.9,0.9,1012854.0,MGA Entertainment,180.0,60.0,Toy
723,B003AN6H42,Moxie Girlz,17.9,12.6,4.6,926340.0,MGA Entertainment,144.0,72.0,Toy
724,B00BGYQ2F6,,7.01,4.09,1.02,16370.0,Performance Designed Products,0.0,0.0,Network Media Player
725,B00A92GIP0,Transformers,13.4,4.9,2.8,743073.0,Hasbro,1000.0,60.0,Toy
726,B007TUAHVQ,Mega Bloks,15.98,11.5,2.05,296211.0,Mega Bloks,180.0,96.0,Toy
727,B00196VCLU,BD&A,6.2,4.8,0.3,36930.0,POWER A,0.0,0.0,Video Games
728,B004Z7H15Q,LeapFrog,11.5,10.5,2.6,247231.0,Leapfrog,96.0,48.0,Toy
729,B0052UCPQK,Patch Products Inc.,10.7,10.6,3.4,239590.0,Patch Products,180.0,36.0,Toy
730,B008FVQ29Y,Spin Master,13.0,8.0,2.5,376461.0,La Dee Da,120.0,60.0,Toy
731,B00AZ60SQA,Diamond Select,11.4,6.7,3.4,803783.0,Diamond Comic Distributors,180.0,168.0,Toy
732,B0036RMD5Y,Hasbro,10.5,10.5,2.6,225017.0,Hasbro Gaming,1176.0,96.0,Toy
733,B00BBSG7ES,Fisher-Price,3.2,2.7,1.6,793638.0,Fisher Price,60.0,24.0,Toy
734,B00987SUQ2,K'NEX,4.0,2.0,2.0,371300.0,K'NEX,180.0,60.0,Toy
735,B002BRW5R6,LEGO,4.8,3.7,1.8,267553.0,LEGO,60.0,18.0,Toy
736,B008VV9EFC,Babies R Us,7.5,6.0,5.6,367396.0,BabiesRUs,36.0,0.0,Baby Product
737,B008BFO5L6,Spin Master,12.6,7.4,2.4,323778.0,La Dee Da,120.0,60.0,Toy
738,B009FD1494,,4.25,3.07,0.39,778075.0,Tabeo,0.0,0.0,Wireless
739,B00BIUA9P2,Fisher-Price,8.6,8.4,2.4,398701.0,Fisher Price - Import,60.0,36.0,Toy
740,B008R4ANH6,Cutie Pops,8.3,6.3,3.4,508194.0,Jade Toys,0.0,36.0,Toy
741,B008SC1C1S,Hasbro,16.0,7.5,3.0,721879.0,Hasbro,0.0,144.0,Toy
742,B007RFI47C,LEGO,9.0,6.5,3.0,134274.0,LEGO,144.0,72.0,Toy
743,B00BN8BSLS,Jakks Pacific,9.37,5.83,1.89,1307141.0,Jakks,600.0,36.0,Toy
744,B00BH0SHG6,,11.7,5.5,2.8,2274457.0,Jakks,0.0,0.0,Toy
745,B0073JJMLY,Star Wars,10.16,7.64,3.0,491505.0,HASBRO,0.0,216.0,Toy
746,B00EFBDD4A,Living Textiles,12.3,7.9,3.1,351000.0,Lolli Living,144.0,3.0,Home Improvement
747,B009XPP6ES,Spin Master,13.07,7.8,2.6,516023.0,Spin Master,144.0,60.0,Toy
748,B00F0RRPTM,Prannoi,9.3,8.2,1.5,333938.0,USA,0.0,12.0,Toy
749,B0081F8A26,Ben 10,9.84,6.77,4.33,479714.0,Bandai,200.0,48.0,Toy
750,B008MW717S,Moxie Girlz,11.5,5.0,2.3,294272.0,MGA Entertainment,180.0,60.0,Toy
751,B002CSIBB8,Yogi Bear,4.6,3.1,2.6,620258.0,Hanna Barbera,0.0,4.0,Toy
752,B004P95A0C,LEGO,22.9,14.7,3.4,292142.0,LEGO,144.0,72.0,Toy
753,B009XPP7XS,Spin Master,12.8,5.1,2.3,736647.0,Spin Master,144.0,60.0,Toy
754,B004P5O3UO,LEGO,18.6,12.0,2.8,144632.0,LEGO,168.0,84.0,Toy
755,B0086488EC,The Bridge,8.27,5.35,1.89,427059.0,THE BRIDGE,72.0,1.0,Toy
756,B00CI4Q2WQ,,10.6,5.7,3.6,188355.0,Sizzlin' Cool,0.0,24.0,Baby Product
757,B00BIU9BBA,Fisher-Price,8.6,8.3,2.3,400430.0,Fisher Price - Import,60.0,36.0,Toy
758,B00DRO5BR8,NECA,7.3,4.5,0.5,933741.0,NECA,360.0,60.0,Toy
759,B005HE0KHC,Fisher-Price,8.9,3.0,1.8,83767.0,Fisher-Price,0.0,6.0,Baby Product
760,B005M3JN26,Tara Toys,12.1,11.0,2.1,1551130.0,Tara Toy Corp,0.0,0.0,Toy
761,B00AZP0W6M,,10.0,5.7,1.3,1003794.0,Spin Master,0.0,60.0,Toy
762,B006FLYWQG,ThunderCats,9.2,5.4,2.7,674418.0,Bandai,800.0,48.0,Toy
763,B004P9AH1O,LEGO,11.1,10.3,1.8,162539.0,LEGO,144.0,84.0,Toy
764,B004NIF4JC,Fisher-Price,8.7,7.0,2.1,485250.0,Fisher-Price,84.0,36.0,Toy
765,B008BY1S62,Interactive Toy,16.0,9.1,4.0,997377.0,MPA,180.0,168.0,Hobby
766,B004Z1C1KC,LEGO,22.8,14.7,3.3,414257.0,LEGO,600.0,14.0,Toy
767,B001LGVR6S,Slinky,6.06,4.09,3.94,149600.0,POOF-Slinky,180.0,60.0,Toy
768,B006CD47QC,G. I. Joe,12.0,7.5,2.8,646730.0,GI Joe,144.0,48.0,Toy
769,B0084380ZM,Atlus Software,6.7,5.3,0.6,26632.0,Atlus,0.0,24.0,Video Games
770,B005UUY6UA,Griffin Technology,6.9,4.1,0.6,917722.0,Griffin Technology,0.0,0.0,Wireless
771,B006UIU8MQ,Rubie's,13.5,10.6,2.6,997740.0,Rubies - Domestic,72.0,48.0,Toy
772,B007139HBW,GUND,9.8,7.5,4.9,1072954.0,Gund,60.0,36.0,Toy
773,B00BGYPIW4,Speck,6.4,3.8,0.7,2544078.0,Speck,0.0,0.0,Wireless
774,B00D0ITCNK,Webkinz,9.76,6.22,3.39,134907.0,Ganz,0.0,60.0,Toy
775,B00BGX7ZT4,Poof Slinky,21.0,14.5,3.0,1104698.0,Poof Slinky Inc.,0.0,0.0,Toy
776,B009IVRDV6,,10.7,7.5,4.0,924511.0,FAO Schwarz,0.0,36.0,Toy
777,B000WO7Y12,LEGO,11.3,11.3,4.49,16446.0,LEGO,60.0,18.0,Toy
778,B00G1PC8QW,The Hobbit,15.0,7.1,2.4,424742.0,The Bridge Direct,600.0,36.0,Toy
779,B0084M88PA,Chicco,16.6,15.4,7.5,997074.0,Chicco,72.0,12.0,Toy
780,B0086489SC,The Bridge Direct,11.7,2.3,2.1,544090.0,MPA,180.0,48.0,Toy
781,B00000JB9N,NSI,14.4,11.6,2.7,29309.0,NSI,180.0,156.0,Toy
782,B007NYTARU,Hot Wheels,18.0,12.0,2.3,737849.0,Mattel,144.0,60.0,Toy
783,B00A720KXS,Inkoos,15.8,13.4,4.6,942670.0,The Bridge,0.0,48.0,Toy
784,B00CA6LAQA,Thermos,4.0,2.8,2.7,117210.0,"Thermos, L.L.C.",120.0,24.0,Kitchen
785,B005GHD1W6,Mattel,21.7,10.6,8.6,634193.0,mattel,0.0,36.0,Toy
786,B00G8HARMU,Mattel,12.9,9.1,2.4,208788.0,Mattel,0.0,36.0,Toy
787,B002MWAGAS,Mattel,13.0,3.9,2.0,558881.0,Mattel,0.0,36.0,Toy
788,B004CFBYIG,Barbie,13.0,5.1,2.6,264067.0,Mattel,84.0,36.0,Toy
789,B0043W8VDE,Barbie,12.83,3.62,2.13,162521.0,Barbie,0.0,36.0,Toy
790,B00AEH41PO,Barbie,13.1,10.0,1.0,790903.0,Mattel,0.0,36.0,Toy
791,B00EVQL8T6,Barbie,10.55,7.48,2.05,302711.0,Mattel - Import (Wire Transfer),120.0,36.0,Toy
792,B005UQDAQK,Barbie,12.3,4.3,2.0,565998.0,Mattel,0.0,36.0,Toy
793,B004CFBYFO,Barbie,12.6,5.04,2.44,391290.0,Mattel,84.0,36.0,Toy
794,B00C6PV4QQ,Barbie,25.5,13.0,9.5,249034.0,Mattel,96.0,36.0,Toy
795,B00FAVD86C,Mattel,17.8,13.0,2.7,689864.0,Mattel,840.0,36.0,Toy
796,B00FX1M752,Toy Choi's,20.0,13.0,1.5,749793.0,Toy Choi's,0.0,0.0,Toy
797,B004Y8LO9A,Barbie,12.8,9.2,5.8,434990.0,"KIDdesigns, Inc",1000.0,36.0,Toy
798,B00EVX12AO,Barbie,13.78,5.51,2.44,307302.0,Mattel - Import (Wire Transfer),120.0,36.0,Toy
799,B00J4S77NC,LEGO,15.0,10.2,2.2,223114.0,LEGO,168.0,96.0,Toy
800,B00ITS4BX2,LEGO,5.9,4.8,0.2,115455.0,LEGO,1188.0,72.0,Toy
801,B00A88G6C0,LEGO,10.0,9.0,1.2,317419.0,LEGO,144.0,72.0,Toy
802,B00IAPTSUK,LEGO,5.0,4.5,0.9,117658.0,LEGO,1188.0,72.0,Toy
803,B0093D1JOQ,LEGO,5.0,3.0,0.2,794089.0,MZB Imagination,72.0,48.0,Toy
804,B009VR4FI6,LEGO,6.75,6.0,1.1,327606.0,LEGO,600.0,72.0,Toy
805,B004RF301U,LEGO,4.72,3.86,1.73,17844.0,LEGO,0.0,12.0,Toy
806,B00957QDXC,Battat,12.2,9.8,6.1,175022.0,Toysmith,60.0,12.0,Toy
807,B0030HCPDK,LEGO,5.5,3.9,2.4,700649.0,LEGO,0.0,72.0,Toy
808,B003U2G7E8,LEGO,8.1,5.7,2.8,505333.0,LEGO,0.0,72.0,Toy
809,B004RBKZ2Q,LEGO,3.5,2.01,2.01,47655.0,LEGO,600.0,36.0,Toy
810,B00J4S6TCW,LEGO,4.8,3.4,2.4,48777.0,LEGO,144.0,60.0,Toy
811,B008TKTDTW,,13.15,11.89,2.99,959124.0,LEGO,0.0,48.0,Toy
812,B00E9DRUE8,LEGO,19.0,14.7,3.9,348873.0,LEGO,600.0,132.0,Toy
813,B00IT6P1U6,LEGO,5.3,5.3,0.5,43913.0,LEGO,600.0,72.0,Toy
814,B00ERK3IH6,Barbie,12.91,4.65,2.44,237051.0,Mattel - Import (Wire Transfer),120.0,36.0,Toy
815,B00CN5Y1MI,LEGO,13.9,7.7,7.48,169440.0,LEGO,192.0,180.0,Toy
816,B002EEP3NO,LEGO,23.86,20.79,7.64,116443.0,LEGO,240.0,144.0,Toy
817,B00IMIGWD6,LEGO,14.02,7.01,0.98,78184.0,LEGO,144.0,72.0,Toy
818,B00KHLSVC6,LEGO,5.75,2.6,1.1,121092.0,LEGO,600.0,60.0,Toy
819,B00A850UQ6,LEGO,10.0,9.0,1.2,318037.0,LEGO,144.0,84.0,Toy
820,B004478GDS,LEGO,14.9,10.2,2.3,214711.0,LEGO,144.0,60.0,Toy
821,B00IGNZZN0,LEGO,14.9,10.4,3.0,62874.0,LEGO,144.0,60.0,Toy
822,B00GVGNJI2,,11.3,5.9,1.3,577549.0,Iris,0.0,0.0,Toy
823,B00F84V5BG,LEGO,22.2,11.3,5.9,748056.0,LEGO,0.0,0.0,Toy
824,B00AG16AMK,LEGO,5.9,3.8,2.3,620077.0,LEGO,0.0,60.0,Health and Beauty
825,B00J4S7RW8,LEGO,14.0,7.4,2.3,104653.0,LEGO,168.0,96.0,Toy
826,B00J4S7COG,LEGO,18.4,14.7,4.0,99465.0,LEGO,168.0,108.0,Toy
827,B00CA1ALKQ,LEGO,4.4,3.3,0.2,143892.0,LEGO,144.0,60.0,Toy
828,B003FO2FXI,LEGO,2.8,2.0,1.2,217699.0,LEGO,120.0,84.0,Toy
829,B003H9NBRA,LEGO,18.82,11.1,2.44,238592.0,LEGO,168.0,84.0,Toy
830,B00J4S46L8,LEGO,18.3,14.7,3.0,57101.0,LEGO,168.0,108.0,Toy
831,B00J4S7XH2,LEGO,6.1,5.5,1.7,195563.0,LEGO,144.0,84.0,Toy
832,B00J4S6QCK,LEGO,21.1,11.0,3.1,111813.0,LEGO,144.0,60.0,Toy
833,B0085VXRWY,LEGO,9.3,7.8,5.3,589162.0,LEGO,600.0,36.0,Toy
834,B00ITS4AYC,LEGO,7.09,5.12,0.59,90079.0,LEGO,1188.0,72.0,Toy
835,B00BQ03IZC,Hot Wheels,9.06,6.38,1.5,1287516.0,Mattel,0.0,36.0,Toy
836,B00E3EBVC0,LEGO,18.3,14.8,4.3,125204.0,LEGO,72.0,36.0,Toy
837,B003TZSUZA,LEGO,3.7,2.76,1.18,90386.0,LEGO,132.0,84.0,Toy
838,B006ZS4SXQ,LEGO,22.83,18.9,3.54,238584.0,LEGO,192.0,132.0,Toy
839,B00IGO1Y0C,LEGO,19.0,15.0,2.6,47754.0,LEGO,144.0,72.0,Toy
840,B009R9IELW,"IRIS USA, Inc.",11.1,6.0,1.2,159015.0,"IRIS USA, Inc.",600.0,36.0,Toy
841,B00G3LHULW,Disney,10.1,6.1,5.3,529292.0,Tolly Tots,0.0,48.0,Toy
842,B00H3JWK4U,BirthdayExpress,11.8,9.6,3.6,444703.0,BirthdayExpress,0.0,96.0,Toy
843,B00F0IV3W6,Frozen,10.63,7.09,2.36,132500.0,Disney Frozen,72.0,36.0,Toy
844,B00KOC0IAG,Disney,2.8,1.5,0.1,605975.0,Roxo,0.0,36.0,Toy
845,B00F9NJDGK,Disney Frozen,7.6,5.3,2.6,348294.0,Disney Frozen,0.0,48.0,Toy
846,B00FW10XUE,Disney,21.0,10.2,5.6,257505.0,Jakks,0.0,72.0,Toy
847,B00HP3QWX4,Tolly Tots,14.7,9.8,3.6,286478.0,Tolly Tots,600.0,36.0,Toy
848,B00DELMXCU,Frozen,7.56,6.61,1.5,48475.0,Jakks,72.0,36.0,Toy
849,B00DELMZXW,Frozen,10.6,7.1,2.0,434873.0,Frozen,72.0,36.0,Toy
850,B00C6Q9VLK,Mattel,5.91,4.41,1.97,42527.0,Mattel,120.0,36.0,Toy
851,B00JLU8QP6,Disney Frozen,16.14,12.83,2.83,405116.0,Mattel Toys,0.0,36.0,Toy
852,B00HEPLR2E,Disney Frozen,8.25,7.75,3.1,333123.0,Disney,600.0,36.0,Toy
853,B00F9NFSLY,Jakks Pacific,7.68,5.43,2.56,285902.0,Jakks,600.0,36.0,Toy
854,B00F0IYSPA,Frozen,14.49,10.24,4.25,52384.0,Disney,72.0,36.0,Toy
855,B00IKL4K3E,,21.5,4.0,2.5,195940.0,Disney,0.0,36.0,Lawn & Patio
856,B00KDLYRVY,ROXO,3.6,3.0,0.8,302868.0,ROXO,0.0,12.0,Toy
857,B00DELMZUA,Disney Frozen,10.9,7.1,2.0,327718.0,Frozen,72.0,36.0,Toy
858,B00EMGM1JQ,Frozen,9.06,5.75,2.91,26867.0,Jakks,72.0,36.0,Toy
859,B00IVFCM2U,Monster High,12.9,8.3,2.9,55229.0,Mattel,180.0,72.0,Toy
860,B008EQB8AI,Mattel,15.0,12.9,4.3,568205.0,Mattel,360.0,72.0,Toy
861,B006WAJM1A,Monster High,13.0,9.3,2.7,263440.0,Monster High,168.0,72.0,Toy
862,B0045VW602,Monster High,13.3,9.3,2.6,452604.0,Mattel,120.0,72.0,Toy
863,B00540QJZG,Monster High,18.8,12.6,10.0,276802.0,"Sakar International, Inc.",180.0,84.0,Toy
864,B0073U4056,Monster High,10.4,5.6,1.4,467536.0,Monster High,120.0,72.0,Toy
865,B007L4LIFY,Monster High,13.3,9.4,2.9,407336.0,MattelMMaMattel MonsMattel Monster High C.A. Cter High C.A. Cttel Monster High C.A. Cattel Monster High C.A. C,180.0,72.0,Toy
866,B006CTPZUS,M.Z. Berger & Company,6.2,3.1,1.5,716760.0,MZ Berger,0.0,72.0,Toy
867,B0098MYTJE,Mattel,12.7,10.3,10.1,695249.0,Idea Nuova - LA,48.0,18.0,Toy
868,B009QU9DPS,Mattel,15.6,11.7,0.7,432363.0,Idea Nuova - LA,48.0,18.0,Toy
869,B007KV67AE,Monster High,13.0,9.1,2.2,179539.0,Monster High,180.0,72.0,Toy
870,B008FDDIN0,Monster High,12.8,10.6,2.8,426036.0,Mattel,1200.0,72.0,Toy
871,B00E7AGPY4,Just Play,8.8,6.8,3.0,445728.0,Just Play,72.0,36.0,Toy
872,B003LPUCYK,Monster High,13.2,9.1,2.7,456552.0,Monster High,144.0,72.0,Toy
873,B0058NTJSI,Monster High,13.07,9.21,2.83,268757.0,Monster High,0.0,72.0,Toy
874,B006O6ES02,Monster High,12.9,9.1,2.0,135758.0,Monster High,180.0,72.0,Toy
875,B0057067SC,Monster High,13.2,9.3,2.1,320356.0,Monster High,0.0,72.0,Toy
876,B0058NUAJA,Monster High,13.1,9.3,2.1,391719.0,Monster High,600.0,72.0,Toy
877,B006WAIIM4,Monster High,13.07,9.13,2.68,277498.0,Monster High,168.0,72.0,Toy
878,B00G4TQWJ4,Ashton,9.1,8.4,6.1,1148513.0,MZ BERGER,0.0,0.0,Home
879,B00F14IM5K,Monster High,13.54,5.35,2.68,274087.0,Mattel,144.0,72.0,Toy
880,B006M3511W,,9.0,5.9,1.9,55278.0,,0.0,0.0,Video Games
881,B00GGRVW6C,H.E.R Accessories,5.7,3.4,1.0,344320.0,Mattel,0.0,48.0,Art and Craft Supply
882,B006CRBEUA,Bendon Inc.,14.0,11.7,1.1,548371.0,Artistic Studios Ltd.,180.0,36.0,Toy
883,B004Y1TKHK,Diamond Select,11.3,9.9,4.3,465446.0,Diamond Comic Distributors,216.0,168.0,Toy
884,B0095ZMTE6,LEGO,23.0,19.0,4.0,209306.0,LEGO,180.0,168.0,Toy
885,B00CPZYO8W,Blip Toys,14.8,13.5,4.7,321561.0,Blip Toys - Import,180.0,48.0,Toy
886,B000FJEM14,Maisto,21.42,10.87,8.74,585125.0,Maisto,180.0,96.0,Toy
887,B00DELMVMC,Disney,15.5,15.0,2.0,387952.0,Jakks,72.0,36.0,Toy
888,B00EEEO2Q6,Super Hero Adventures,8.1,8.0,3.1,632355.0,Super Hero Adventures,0.0,48.0,Toy
889,B006V1M7W6,VTech,11.97,10.79,5.67,880169.0,VTech,36.0,12.0,Toy
890,B000JIMVV4,Fisher-Price,13.2,11.2,4.0,60405.0,Fisher Price,24.0,12.0,Baby Product
891,B00IVFCNQK,Monster High,13.1,8.5,2.2,211393.0,Mattel,180.0,72.0,Toy
892,B00H2SW2ZY,Our Generation,13.8,12.2,4.8,1105039.0,Maison Joseph Battat,0.0,0.0,Toy
893,B00GRZTZCQ,Spirograph,12.05,10.94,2.05,26429.0,Spirograph,600.0,96.0,Toy
894,B007FD876E,Hasbro,11.2,10.6,2.6,395903.0,HASBRO TOY GROUP,0.0,36.0,Toy
895,B00DB69YL6,Animewild,10.0,6.7,3.3,477652.0,Animewild,528.0,144.0,Toy
896,B001LWSQCK,Mattel,12.8,12.8,2.7,951645.0,Mattel,96.0,36.0,Toy
897,B004E60WTU,Disney,15.8,13.9,3.0,505340.0,exxel outdoors,0.0,0.0,Sports
898,B00BU9C22E,Hasbro,12.1,4.1,2.0,3985.0,Hasbro,1188.0,48.0,Toy
899,B00083DD4O,Pacific Play Tents,20.0,20.0,4.25,44785.0,Pacific Play Tents,120.0,36.0,Toy
900,B004FPBQVS,K'NEX,9.0,9.0,2.1,862593.0,K'NEX,108.0,60.0,Toy
901,B00EDBYKJ4,Marvel,10.7,8.9,5.1,193575.0,Hasbro,1188.0,48.0,Toy
902,B0073FU8YS,Beyblade,8.3,6.6,1.7,695935.0,Hasbro,1176.0,96.0,Toy
903,B009B0P8KC,,14.1,8.7,6.5,1709887.0,Circo,0.0,24.0,Toy
904,B006JUXGQU,B.,8.4,6.4,2.7,422649.0,Toysmith,0.0,18.0,Toy
905,B00HX14C7Q,LEGO,22.91,18.74,5.12,56075.0,LEGO,1188.0,144.0,Toy
906,B00HN9CSVU,Barbie,13.2,9.6,2.4,367319.0,Mattel,120.0,60.0,Toy
907,B00K0OHQ3U,Gift Item,14.4,9.9,1.9,357593.0,Gift Item,0.0,60.0,Toy
908,B007REIB80,MGA,10.0,9.0,1.0,613054.0,MGA Entertainment,180.0,48.0,Toy
909,B00DELMFR8,Disney Princess,13.2,10.8,2.1,324251.0,Disney Princess,72.0,36.0,Toy
910,B007Q0OQF2,LEGO,7.5,5.6,1.9,171838.0,LEGO Lord of the Rings,168.0,96.0,Toy
911,B00EMHTUR6,Spiderman,13.9,7.5,2.8,594611.0,Hasbro,0.0,72.0,Toy
912,B00DF0XIJC,POWER CITY TRAINS,24.09,14.09,3.31,545662.0,Jakks,84.0,48.0,Toy
913,B00BAFM35E,Cra-Z-Art,11.9,11.0,2.0,631055.0,CraZart,36.0,72.0,Toy
914,B002YVYHV6,Mattel,13.07,12.2,3.31,676216.0,MATTEL,0.0,36.0,Toy
915,B005EVV1NU,Beyblade,8.4,7.8,1.9,489055.0,Hasbro,1176.0,96.0,Toy
916,B00CEMC30C,Magformers,16.0,11.0,3.0,210159.0,Magformers,840.0,72.0,Toy
917,B00CEMC31G,Magformers,21.2,12.0,3.2,90101.0,Magformers,0.0,72.0,Toy
918,B00JSAZODG,,6.6,6.5,2.1,44576.0,Infantino,0.0,0.0,Baby Product
919,B007G48MY4,Nickelodeon,12.1,7.1,2.7,494473.0,Fisher Price,96.0,36.0,Toy
920,B00K4HRKXE,,18.2,9.1,8.5,1065225.0,Ronin,0.0,36.0,Toy
921,B00HX11TL8,Baby Einstein,15.43,8.27,6.06,7188.0,Baby Einstein,12.0,0.0,Baby Product
922,B009SH8PQ2,Fisher-Price,10.1,8.1,5.1,13425.0,Fisher Price,84.0,36.0,Toy
923,B00D5PFLLK,Polaris,22.3,14.8,12.9,653111.0,Tek Nek - Import,36.0,12.0,Toy
924,B00D8DNEAY,Disney,10.2,5.1,5.1,592306.0,Mattel,0.0,36.0,Toy
925,B00CE04H0S,Magformers,11.5,9.7,2.0,9289.0,Magformers,1188.0,36.0,Toy
926,B008Z88IGM,Mega Bloks,8.0,8.0,2.1,548016.0,Mega Brands America Inc. - Megabloks - Montreal,180.0,72.0,Toy
927,B005J10JZ6,Monster High,13.6,7.9,1.9,,Cartwheel Kids LLC - Toys,144.0,72.0,Apparel
928,B00522XOYU,Star Wars,5.9,4.1,1.8,313031.0,Hasbro,168.0,36.0,Toy
929,B00FB7XN6A,Barbie,7.8,5.6,2.4,478970.0,Mattel,120.0,36.0,Toy
930,B001G9VPGW,Playhut,17.2,16.0,4.5,410154.0,Playhut,144.0,36.0,Toy
931,B00DYENRYA,Innovation First,14.02,11.02,1.97,283955.0,Innovation First,168.0,36.0,Toy
